<recipes>
	<!-- 9mm pistol ammo -->
	<set xpath="/recipes/recipe[@name='ammo9mmBulletBall']/@count">3</set>
	<set xpath="/recipes/recipe[@name='ammo9mmBulletHP']/@count">3</set>
	<set xpath="/recipes/recipe[@name='ammo9mmBulletAP']/@count">3</set>

	<!-- .44 Magnum ammo -->
	<set xpath="/recipes/recipe[@name='ammo44MagnumBulletBall']/@count">2</set>
	<set xpath="/recipes/recipe[@name='ammo44MagnumBulletHP']/@count">2</set>
	<set xpath="/recipes/recipe[@name='ammo44MagnumBulletAP']/@count">2</set>

	<!-- 7.62 Rifle ammo -->
	<set xpath="/recipes/recipe[@name='ammo762mmBulletBall']/@count">3</set>
	<set xpath="/recipes/recipe[@name='ammo762mmBulletHP']/@count">3</set>
	<set xpath="/recipes/recipe[@name='ammo762mmBulletAP']/@count">3</set>

	<!-- 12.70 ShotGun ammo -->
	<set xpath="/recipes/recipe[@name='ammoShotgunShell']/@count">2</set>
	<set xpath="/recipes/recipe[@name='ammoShotgunSlug']/@count">2</set>
	<set xpath="/recipes/recipe[@name='ammoShotgunBreachingSlug']/@count">2</set>

	<!-- Turret trap ammo -->
	<set xpath="/recipes/recipe[@name='ammoJunkTurretRegular']/@count">5</set>
	<set xpath="/recipes/recipe[@name='ammoJunkTurretShell']/@count">5</set>
	<set xpath="/recipes/recipe[@name='ammoJunkTurretAP']/@count">5</set>

	<!-- Rocket ammo -->
	<set xpath="/recipes/recipe[@name='ammoRocketHE']/@count">2</set>
	<set xpath="/recipes/recipe[@name='ammoRocketFrag']/@count">5</set>

	<!-- Arrows and Bolt`s ammo -->
	<set xpath="/recipes/recipe[@name='ammoArrowExploding']/@count">3</set>
	<set xpath="/recipes/recipe[@name='ammoArrowFlaming']/@count">3</set>
	<set xpath="/recipes/recipe[@name='ammoArrowIron']/@count">3</set>
	<set xpath="/recipes/recipe[@name='ammoArrowSteelAP']/@count">3</set>
	<set xpath="/recipes/recipe[@name='ammoArrowStone']/@count">3</set>
	<set xpath="/recipes/recipe[@name='ammoCrossbowBoltFlaming']/@count">3</set>
	<set xpath="/recipes/recipe[@name='ammoCrossbowBoltIron']/@count">3</set>
	<set xpath="/recipes/recipe[@name='ammoCrossbowBoltExploding']/@count">3</set>
	<set xpath="/recipes/recipe[@name='ammoCrossbowBoltSteelAP']/@count">3</set>
	<set xpath="/recipes/recipe[@name='ammoCrossbowBoltStone']/@count">3</set>

	<!-- Ammunition boxes (In stack) -->
				
				<!-- 9mm pistol ammo -->
	<set xpath="/recipes/recipe[@name='ammoBundle9mmBulletBall']/@count">3</set>
	<set xpath="/recipes/recipe[@name='ammoBundle9mmBulletHP']/@count">3</set>
	<set xpath="/recipes/recipe[@name='ammoBundle9mmBulletAP']/@count">3</set>

				<!-- .44 Magnum ammo -->
	<set xpath="/recipes/recipe[@name='ammoBundle44MagnumBulletBall']/@count">2</set>
	<set xpath="/recipes/recipe[@name='ammoBundle44MagnumBulletHP']/@count">2</set>
	<set xpath="/recipes/recipe[@name='ammoBundle44MagnumBulletAP']/@count">2</set>

				<!-- 7.62 Rifle ammo -->
	<set xpath="/recipes/recipe[@name='ammoBundle762mmBulletBall']/@count">3</set>
	<set xpath="/recipes/recipe[@name='ammoBundle762mmBulletHP']/@count">3</set>
	<set xpath="/recipes/recipe[@name='ammoBundle762mmBulletAP']/@count">3</set>

				<!-- 12.70 ShotGun ammo -->
	<set xpath="/recipes/recipe[@name='ammoBundleShotgunShell']/@count">2</set>
	<set xpath="/recipes/recipe[@name='ammoBundleShotgunSlug']/@count">2</set>
	<set xpath="/recipes/recipe[@name='ammoBundleShotgunBreachingSlug']/@count">2</set>

				<!-- Arrows and Bolt`s ammo -->
	<set xpath="/recipes/recipe[@name='ammoBundleArrowExploding']/@count">3</set>
	<set xpath="/recipes/recipe[@name='ammoBundleArrowFlaming']/@count">3</set>
	<set xpath="/recipes/recipe[@name='ammoBundleArrowIron']/@count">3</set>
	<set xpath="/recipes/recipe[@name='ammoBundleArrowSteelAP']/@count">3</set>
	<set xpath="/recipes/recipe[@name='ammoBundleArrowStone']/@count">3</set>
	<set xpath="/recipes/recipe[@name='ammoBundleCrossbowBoltFlaming']/@count">3</set>
	<set xpath="/recipes/recipe[@name='ammoBundleCrossbowBoltIron']/@count">3</set>
	<set xpath="/recipes/recipe[@name='ammoBundleCrossbowBoltExploding']/@count">3</set>
	<set xpath="/recipes/recipe[@name='ammoBundleCrossbowBoltSteelAP']/@count">3</set>
	<set xpath="/recipes/recipe[@name='ammoBundleCrossbowBoltStone']/@count">3</set>
</recipes>