<configs>
	<append xpath="/recipes">
		<recipe name="resourceClayLump" count="5000" craft_area="挖矿机" craft_time="1200" tags="挖矿机" craft_tool="toolBellows">
			<ingredient name="ammoGasCan" count="1000"/>
		</recipe>
		<recipe name="resourceScrapBrass" count="5000" craft_area="挖矿机" craft_time="1200" tags="挖矿机" craft_tool="toolForgeCrucible">
			<ingredient name="ammoGasCan" count="1000"/>
		</recipe>
		<recipe name="resourceCoal" count="5000" craft_area="挖矿机" craft_time="1200" tags="挖矿机" craft_tool="toolAnvil">
			<ingredient name="ammoGasCan" count="1000"/>
		</recipe>
		<recipe name="resourceScrapIron" count="5000" craft_area="挖矿机" craft_time="1200" tags="挖矿机" craft_tool="toolAnvil">
			<ingredient name="ammoGasCan" count="1000"/>
		</recipe>
		<recipe name="resourceScrapLead" count="5000" craft_area="挖矿机" craft_time="1200" tags="挖矿机" craft_tool="toolForgeCrucible">
			<ingredient name="ammoGasCan" count="1000"/>
		</recipe>
		<recipe name="resourceRockSmall" count="5000" craft_area="挖矿机" craft_time="1200" tags="挖矿机" craft_tool="toolBellows">
			<ingredient name="ammoGasCan" count="1000"/>
		</recipe>
		<recipe name="resourcePotassiumNitratePowder" count="5000" craft_area="挖矿机"  craft_time="1200" tags="挖矿机" craft_tool="toolForgeCrucible">
			<ingredient name="ammoGasCan" count="1000"/>
		</recipe>

	<recipe name="挖矿机" count="1"  craft_time="60" craft_area="workbench">
	<ingredient name="resourceForgedIron" count="20"/>
	<ingredient name="resourceMetalPipe" count="20"/>
	<ingredient name="resourceScrapIron" count="2000"/>
	<ingredient name="resourceMechanicalParts" count="40"/>
	<ingredient name="resourceElectricParts" count="40"/>
</recipe>		
	</append>
</configs>