<config>
	
	<append xpath="/quests/quest[@id='quest_tier1complete']">
		<reward type="SkillPoints" value="4" chainreward="true" />
	</append>
	
	<append xpath="/quests/quest[@id='quest_tier2complete']">
		<reward type="SkillPoints" value="5" chainreward="true" />
	</append>
	
	<append xpath="/quests/quest[@id='quest_tier3complete']">
		<reward type="SkillPoints" value="6" chainreward="true" />
	</append>
	
	<append xpath="/quests/quest[@id='quest_tier4complete']">
		<reward type="SkillPoints" value="7" chainreward="true" />
	</append>
	
	<append xpath="/quests/quest[@id='quest_tier5complete']">
		<reward type="SkillPoints" value="10" chainreward="true" />
	</append>
	
</config>