<Riles-BackpackPlus>

	<!--pushes the window up a bit-->
	<setattribute xpath="/windows/window[@name='windowBackpack']/panel[@name='header']" name="pos">0,8</setattribute>
	<set xpath="/windows/window[@name='windowBackpack']/panel[@name='content']/@pos">0,-34</set>
	
	<!--the width of the Backpack Window-->
	<set xpath="/windows/window[@name='windowBackpack']/@width">807</set>
	
	<!--the number of columns in the Backpack Window-->
	<set xpath="/windows/window[@name='windowBackpack']/panel[@name='content']/grid[@name='inventory']/@cols">12</set>	
	
	<!--adding a row?-->	
	<set xpath="/windows/window[@name='windowBackpack']/panel[@name='content']/sprite[@name='backgroundMain']/@height">403</set>
	<set xpath="/windows/window[@name='windowBackpack']/panel[@name='content']/grid[@name='inventory']/@rows">6</set>
	
	<!--repositioning the header to match-->
	<set xpath="/windows/window[@name='windowBackpack']/panel[@name='header']/rect/@pos">403,0</set>
	
	<!--Centering the Label of the backpack inside of the header-->
	<set xpath="/windows/window[@name='windowBackpack']/panel[@name='header']/label[@depth='2']/@pos">673,-8</set>
	
	<!--Positioning of the Cost Icon to the widened header-->
	<set xpath="/windows/window[@name='windowBackpack']/panel[@name='header']/sprite[@name='costIcon']/@pos">778,-10 </set>

</Riles-BackpackPlus>



<!--

My settings for the 90 slot backpack that just looks awful.

	<setattribute xpath="/windows/window[@name='windowBackpack']/panel[@name='header']" name="pos">0,8</setattribute>
	<set xpath="/windows/window[@name='windowBackpack']/panel[@name='content']/@pos">0,-34</set>
		
	<set xpath="/windows/window[@name='windowBackpack']/@width">1008</set>
	
	<set xpath="/windows/window[@name='windowBackpack']/panel[@name='content']/sprite[@name='backgroundMain']/@width">1008</set>
	<set xpath="/windows/window[@name='windowBackpack']/panel[@name='content']/sprite[@name='backgroundMain']/@height">403</set>
	<set xpath="/windows/window[@name='windowBackpack']/panel[@name='content']/grid[@name='inventory']/@cols">15</set>
	<set xpath="/windows/window[@name='windowBackpack']/panel[@name='content']/grid[@name='inventory']/@rows">6</set>
	
	<set xpath="/windows/window[@name='windowBackpack']/panel[@name='header']/rect/@pos">504,0</set>
	<set xpath="/windows/window[@name='windowBackpack']/panel[@name='header']/label[@depth='2']/@pos">874,-8</set>
	<set xpath="/windows/window[@name='windowBackpack']/panel[@name='header']/sprite[@name='costIcon']/@pos">979,-10 </set>

-->