<configs>
  <!-- This modlet is to reduce the craft time on a few items  -->
  <set xpath="/recipes/recipe[starts-with(@name, 'vehicle4x4')]/@craft_time">3</set>
  <set xpath="/recipes/recipe[starts-with(@name, 'vehicleBicycle')]/@craft_time">3</set>
  <set xpath="/recipes/recipe[starts-with(@name, 'vehicleMotorcycle')]/@craft_time">3</set>
  <set xpath="/recipes/recipe[starts-with(@name, 'vehicleMinibike')]/@craft_time">3</set>
  <set xpath="/recipes/recipe[starts-with(@name, 'vehicleGyrocopter')]/@craft_time">3</set>
  <set xpath="/recipes/recipe[@name='toolForgeCrucible']/@craft_time">11</set>
  <set xpath="/recipes/recipe[@name='thrownDynamite']/@craft_time">1</set>
  <set xpath="/recipes/recipe[@name='thrownTimedCharge']/@craft_time">1</set>
  <set xpath="/recipes/recipe[@name='thrownGrenadeContact']/@craft_time">10</set>
  <set xpath="/recipes/recipe[@name='thrownGrenade']/@craft_time">1</set>
  <set xpath="/recipes/recipe[@name='thrownAmmoPipeBomb']/@craft_time">1</set>
  <set xpath="/recipes/recipe[@name='thrownAmmoMolotovCocktail']/@craft_time">1</set>
  <set xpath="/recipes/recipe[@name='resourceGunPowderBundle']/@craft_time">3</set>
  <set xpath="/recipes/recipe[@name='meleeWpnBladeT3Machete']/@craft_time">1</set>
  <set xpath="/recipes/recipe[@name='resourceLockPickBundle']/@craft_time">1</set>
  <set xpath="/recipes/recipe[@name='keystoneBlock']/@craft_time">1</set>
  <set xpath="/recipes/recipe[@name='foodHoboStew']/@craft_time">1</set>
  <set xpath="/recipes/recipe[@name='farmPlotBlockVariantHelper']/@craft_time">1</set>
  <set xpath="/recipes/recipe[@name='drinkJarBoiledWater']/@craft_time">1</set>
  <set xpath="/recipes/recipe[@name='ammoRocketHE']/@craft_time">15</set>
  <set xpath="/recipes/recipe[@name='ammoRocketFrag']/@craft_time">20</set>
  <set xpath="/recipes/recipe[@name='ammoGasCanBundle']/@craft_time">3</set>
  <set xpath="/recipes/recipe[@name='ammoBundleCrossbowBoltStone']/@craft_time">1</set>
  <set xpath="/recipes/recipe[@name='ammoBundleCrossbowBoltSteelAP']/@craft_time">1</set>
  <set xpath="/recipes/recipe[@name='ammoBundleCrossbowBoltIron']/@craft_time">1</set>
  <set xpath="/recipes/recipe[@name='ammoBundleCrossbowBoltExploding']/@craft_time">1</set>
  <set xpath="/recipes/recipe[@name='ammoBundleCrossbowBoltFlaming']/@craft_time">1</set>
  <set xpath="/recipes/recipe[@name='ammoCrossbowBoltFlaming']/@craft_time">7</set>
  <set xpath="/recipes/recipe[@name='ammoBundleArrowStone']/@craft_time">12</set>
  <set xpath="/recipes/recipe[@name='ammoBundleArrowSteelAP']/@craft_time">12</set>
  <set xpath="/recipes/recipe[@name='ammoBundleArrowIron']/@craft_time">12</set>
  <set xpath="/recipes/recipe[@name='ammoBundleArrowExploding']/@craft_time">18</set>
  <set xpath="/recipes/recipe[@name='ammoBundleArrowFlaming']/@craft_time">18</set>
  <set xpath="/recipes/recipe[@name='ammoArrowFlaming']/@craft_time">6</set>
  <set xpath="/recipes/recipe[@name='ammoBundleShotgunBreachingSlug']/@craft_time">18</set>
  <set xpath="/recipes/recipe[@name='ammoShotgunBreachingSlug']/@craft_time">4</set>
  <set xpath="/recipes/recipe[@name='ammoBundleShotgunSlug']/@craft_time">18</set>
  <set xpath="/recipes/recipe[@name='ammoBundleShotgunShell']/@craft_time">12</set>
  <set xpath="/recipes/recipe[@name='ammoBundle762mmBulletAP']/@craft_time">1</set>
  <set xpath="/recipes/recipe[@name='ammoBundle762mmBulletHP']/@craft_time">1</set>
  <set xpath="/recipes/recipe[@name='ammoBundle762mmBulletBall']/@craft_time">1</set>
  <set xpath="/recipes/recipe[@name='ammoBundle44MagnumBulletAP']/@craft_time">1</set>
  <set xpath="/recipes/recipe[@name='ammoBundle44MagnumBulletHP']/@craft_time">1</set>
  <set xpath="/recipes/recipe[@name='ammoBundle44MagnumBulletBall']/@craft_time">1</set>
  <set xpath="/recipes/recipe[@name='ammoBundle9mmBulletAP']/@craft_time">1</set>
  <set xpath="/recipes/recipe[@name='ammoBundle9mmBulletHP']/@craft_time">1</set>
  <set xpath="/recipes/recipe[@name='ammoBundle9mmBulletBall']/@craft_time">1</set>
  <set xpath="/recipes/recipe[@name='resourceCoalBundle']/@craft_time">1</set>
  <set xpath="/recipes/recipe[@name='resourceLeadBundle']/@craft_time">1</set>
  <set xpath="/recipes/recipe[@name='resourcePotassiumNitratePowderBundle']/@craft_time">1</set>
  <set xpath="/recipes/recipe[@name='resourceOilShaleBundle']/@craft_time">1</set>
  <set xpath="/recipes/recipe[@name='resourceScrapIronBundle']/@craft_time">1</set>
  <set xpath="/recipes/recipe[@name='resourceWoodBundle']/@craft_time">1</set>
  <set xpath="/recipes/recipe[@name='resourceRockSmallBundle']/@craft_time">1</set>

  <setattribute xpath="/recipes/recipe[@name='resourceScrapBrass']" name="craft_time">1</setattribute>
  <setattribute xpath="/recipes/recipe[@name='resourceBrokenGlass']" name="craft_time">1</setattribute>
  <setattribute xpath="/recipes/recipe[@name='resourceClayLump']" name="craft_time">1</setattribute>
  <setattribute xpath="/recipes/recipe[@name='resourceRockSmall']" name="craft_time">1</setattribute>
  <setattribute xpath="/recipes/recipe[@name='resourceForgedIron']" name="craft_time">1</setattribute>
  <setattribute xpath="/recipes/recipe[@name='resourceScrapLead']" name="craft_time">1</setattribute>
  <setattribute xpath="/recipes/recipe[@name='resourceForgedSteel']" name="craft_time">1</setattribute>
  <setattribute xpath="/recipes/recipe[@name='meleeWpnClubT1BaseballBat']" name="craft_time">1</setattribute>
  <setattribute xpath="/recipes/recipe[@name='meleeWpnClubT3SteelClub']" name="craft_time">1</setattribute>
  <setattribute xpath="/recipes/recipe[@name='meleeWpnSpearT1IronSpear']" name="craft_time">1</setattribute>
  <setattribute xpath="/recipes/recipe[@name='meleeWpnSpearT3SteelSpear']" name="craft_time">1</setattribute>
  <setattribute xpath="/recipes/recipe[@name='meleeWpnBladeT1HuntingKnife']" name="craft_time">1</setattribute>
  <setattribute xpath="/recipes/recipe[@name='meleeWpnSledgeT1IronSledgehammer']" name="craft_time">1</setattribute>
  <setattribute xpath="/recipes/recipe[@name='meleeWpnSledgeT3SteelSledgehammer']" name="craft_time">1</setattribute>
  <setattribute xpath="/recipes/recipe[@name='meleeWpnBatonT0PipeBaton']" name="craft_time">1</setattribute>
  <setattribute xpath="/recipes/recipe[@name='meleeToolWireTool']" name="craft_time">1</setattribute>
  <setattribute xpath="/recipes/recipe[@name='meleeWpnKnucklesT1IronKnuckles']" name="craft_time">1</setattribute>
  <setattribute xpath="/recipes/recipe[@name='meleeWpnKnucklesT3SteelKnuckles']" name="craft_time">1</setattribute>
  <setattribute xpath="/recipes/recipe[@name='meleeToolRepairT3Nailgun']" name="craft_time">1</setattribute>
  <setattribute xpath="/recipes/recipe[@name='meleeToolPickT3Auger']" name="craft_time">1</setattribute>
  <setattribute xpath="/recipes/recipe[@name='meleeToolAxeT3Chainsaw']" name="craft_time">1</setattribute>
  <setattribute xpath="/recipes/recipe[@name='meleeToolRepairT1ClawHammer']" name="craft_time">1</setattribute>
  <setattribute xpath="/recipes/recipe[@name='meleeToolAxeT1IronFireaxe']" name="craft_time">1</setattribute>
  <setattribute xpath="/recipes/recipe[@name='meleeToolAxeT2SteelAxe']" name="craft_time">1</setattribute>
  <setattribute xpath="/recipes/recipe[@name='meleeToolPaintTool']" name="craft_time">1</setattribute>
  <setattribute xpath="/recipes/recipe[@name='meleeToolShovelT1IronShovel']" name="craft_time">1</setattribute>
  <setattribute xpath="/recipes/recipe[@name='meleeToolShovelT2SteelShovel']" name="craft_time">1</setattribute>
  <setattribute xpath="/recipes/recipe[@name='meleeWpnSledgeT1IronSledgehammer']" name="craft_time">1</setattribute>
  <setattribute xpath="/recipes/recipe[@name='meleeWpnSledgeT3SteelSledgehammer']" name="craft_time">1</setattribute>
  <setattribute xpath="/recipes/recipe[@name='meleeToolSalvageT1Wrench']" name="craft_time">1</setattribute>
  <setattribute xpath="/recipes/recipe[@name='meleeToolSalvageT2Ratchet']" name="craft_time">1</setattribute>
  <setattribute xpath="/recipes/recipe[@name='meleeToolSalvageT3ImpactDriver']" name="craft_time">1</setattribute>
  <setattribute xpath="/recipes/recipe[@name='modArmorHelmetLight']" name="craft_time">1</setattribute>
  <setattribute xpath="/recipes/recipe[@name='modMeleeBunkerBuster']" name="craft_time">1</setattribute>
  <setattribute xpath="/recipes/recipe[@name='modMeleeClubBarbedWire']" name="craft_time">1</setattribute>
  <setattribute xpath="/recipes/recipe[@name='modMeleeClubBurningShaft']" name="craft_time">1</setattribute>
  <setattribute xpath="/recipes/recipe[@name='modMeleeClubMetalSpikes']" name="craft_time">1</setattribute>
  <setattribute xpath="/recipes/recipe[@name='modMeleeFiremansAxeMod']" name="craft_time">1</setattribute>
  <setattribute xpath="/recipes/recipe[@name='modMeleeGraveDigger']" name="craft_time">1</setattribute>
  <setattribute xpath="/recipes/recipe[@name='modMeleeIronBreaker']" name="craft_time">1</setattribute>
  <setattribute xpath="/recipes/recipe[@name='modMeleeWeightedHead']" name="craft_time">1</setattribute>
  <setattribute xpath="/recipes/recipe[@name='modMeleeWoodSplitter']" name="craft_time">1</setattribute>
  <setattribute xpath="/recipes/recipe[@name='modRoboticDroneCargoMod']" name="craft_time">1</setattribute>
  <setattribute xpath="/recipes/recipe[@name='modRoboticDroneHeadlampMod']" name="craft_time">1</setattribute>
  <setattribute xpath="/recipes/recipe[@name='modVehicleFuelSaver']" name="craft_time">1</setattribute>
  <setattribute xpath="/recipes/recipe[@name='modVehicleSuperCharger']" name="craft_time">1</setattribute>
  <setattribute xpath="/recipes/recipe[@name='modVehicleExpandedSeat']" name="craft_time">1</setattribute>
  <setattribute xpath="/recipes/recipe[@name='meleeToolWireTool']" name="craft_time">1</setattribute>
  <setattribute xpath="/recipes/recipe[@name='gunBotT3JunkDrone']" name="craft_time">1</setattribute>
  <setattribute xpath="/recipes/recipe[@name='gunHandgunT0PipePistol']" name="craft_time">1</setattribute>
  <setattribute xpath="/recipes/recipe[@name='gunHandgunT1Pistol']" name="craft_time">1</setattribute>
  <setattribute xpath="/recipes/recipe[@name='gunBotT2JunkTurret']" name="craft_time">1</setattribute>
  <setattribute xpath="/recipes/recipe[@name='gunBotT2JunkTurret']" name="craft_time">1</setattribute>
  <setattribute xpath="/recipes/recipe[@name='gunHandgunT2Magnum44']" name="craft_time">1</setattribute>
  <setattribute xpath="/recipes/recipe[@name='gunHandgunT3DesertVulture']" name="craft_time">1</setattribute>
  <setattribute xpath="/recipes/recipe[@name='gunHandgunT3SMG5']" name="craft_time">1</setattribute>
  <setattribute xpath="/recipes/recipe[@name='gunShotgunT0PipeShotgun']" name="craft_time">1</setattribute>
  <setattribute xpath="/recipes/recipe[@name='gunShotgunT1DoubleBarrel']" name="craft_time">1</setattribute>
  <setattribute xpath="/recipes/recipe[@name='gunShotgunT2PumpShotgun']" name="craft_time">1</setattribute>
  <setattribute xpath="/recipes/recipe[@name='gunShotgunT3AutoShotgun']" name="craft_time">1</setattribute>
  <setattribute xpath="/recipes/recipe[@name='gunRifleT0PipeRifle']" name="craft_time">1</setattribute>
  <setattribute xpath="/recipes/recipe[@name='gunRifleT1HuntingRifle']" name="craft_time">1</setattribute>
  <setattribute xpath="/recipes/recipe[@name='gunRifleT2LeverActionRifle']" name="craft_time">1</setattribute>
  <setattribute xpath="/recipes/recipe[@name='gunRifleT3SniperRifle']" name="craft_time">1</setattribute>
  <setattribute xpath="/recipes/recipe[@name='gunMGT0PipeMachineGun']" name="craft_time">1</setattribute>
  <setattribute xpath="/recipes/recipe[@name='gunMGT1AK47']" name="craft_time">1</setattribute>
  <setattribute xpath="/recipes/recipe[@name='gunMGT2TacticalAR']" name="craft_time">1</setattribute>
  <setattribute xpath="/recipes/recipe[@name='gunMGT3M60']" name="craft_time">1</setattribute>
  <setattribute xpath="/recipes/recipe[@name='gunExplosivesT3RocketLauncher']" name="craft_time">1</setattribute>
  
  <!-- Recipes below do not include craft_time, craft_area, or tags, so the setattribute have to be use instead -->
  <setattribute xpath="/recipes/recipe[@name='ammoGasCan']" name="craft_time">2</setattribute>
  <setattribute xpath="/recipes/recipe[@name='trapSpikesIronDmg0']" name="craft_time">20</setattribute>
  <setattribute xpath="/recipes/recipe[@name='trapSpikesIronDmg0']" name="craft_area">workbench</setattribute>
  <setattribute xpath="/recipes/recipe[@name='trapSpikesIronDmg0']" name="tags">workbenchCrafting</setattribute>

</configs>