<mods_xui>
	<append xpath="/xui/ruleset[@name='default']">
		<window_group name="mods">
			<window name="modsList"/>
		</window_group>
		<window_group name="modsListChanged">
			<window name="modsListChanged"/>
		</window_group>
		<window_group name="modsErrorMessageBox" controller="CustomModManager.UI.XUiC_ModsErrorMessageBoxWindowGroup, ModManager, Version=0.0.0.0, Culture=neutral, PublicKeyToken=null">
			<window name="modsErrorMessageBox" />
		</window_group>
	</append>
</mods_xui>