<configs> <!-- BY ZV4X -->
	<set xpath="/windows/window[@name='windowToolbelt']">

<!-- HIDDEN BARS UNDER TOOLBELT -->
		<rect>
			<sprite depth="8" name="backgroundMain" sprite="menu_empty3px" color="[black]" type="sliced" fillcenter="false" on_press="true" />
			
			<rect pos="3,-3" controller="Toolbelt">
				<grid depth="10" name="inventory" rows="1" cols="10" pos="0,0" cell_width="75" cell_height="75" repeat_content="true">
					<item_stack name="0"/>
				</grid>
				<grid depth="10" name="inventory2" rows="1" cols="10" pos="0,82" cell_width="75" cell_height="75" repeat_content="true" visible="{secondrow}">
					<item_stack name="0"/>
				</grid>
			</rect>

			<sprite depth="1" pos="0,6" height="8" color="[mediumGrey]" sprite="menu_empty2px" globalopacity="false" type="sliced" />
			<sprite depth="9" pos="0,6" height="8" color="[black]" sprite="menu_empty2px" globalopacity="false" type="sliced" fillcenter="false" />
			<sprite depth="4" pos="0,6" height="8" width="750" color="{xpcolor}" globalopacity="false" type="filled" fill="{xp}" />

			<rect pos="0,-77" width="378" height="8" controller="HUDStatBar" stat_type="Food" visible="{statvisible}">
				<filledsprite depth="1" pos="0,0" width="0" name="BarContent" color="0,0,0,0" globalopacity="false" type="filled" fill="0"  />
			</rect>

			<rect pos="376,-77" width="377" height="8" controller="HUDStatBar" stat_type="Water" visible="{statvisible}">
				<filledsprite depth="1" pos="0,0" width="0" name="BarContent" color="0,0,0,0" globalopacity="false" type="filled" fill="0"  />
			</rect>
		</rect>
	</set>



	<set xpath="/windows/window[@name='HUDLeftStatBars']">
	
<!-- STEALTH -->
		<rect name="hud" pos="9,145" rows="1" cols="2" width="168" side="right">
			<rect width="157" height="43" controller="HUDStatBar" stat_type="Stealth" visible="{statvisible}">
				<sprite depth="1" name="border" color="0,0,0,150" height="43" type="sliced" />
				<sprite depth="2" name="background" color="0,0,0,140" type="sliced" />
				<filledsprite depth="3" name="background" color="48,48,48,128" type="filled" fill="1" />
				<filledsprite depth="4" name="BarContent" color="{stealthcolor}" type="filled" fill="0" />
				<sprite depth="5" name="Icon" atlas="{staticonatlas|once}" sprite="{staticon|once}" size="32,32" pos="8,-6" foregroundlayer="true"/>
				<label depth="6" name="TextContent" pos="10,-10" font_size="28" color="[white]" justify="center" pivot="topleft" text="{statcurrent}" height="30"/>
				<sprite depth="8" name="border" color="0,0,0,255" height="43" type="sliced" fillcenter="false"/>
				<filledsprite depth="8" name="background" color="0,0,0,255" width="156" fillcenter="false" type="filled" fill="1" />
				<filledsprite depth="3" name="background" color="0,0,0,255" width="156" fillcenter="false" type="filled" fill="1" />
			</rect>

<!-- STAMINA -->
			<rect width="156" height="43" pos="160,-47" controller="HUDStatBar" stat_type="Stamina" visible="{statvisible}">
				<sprite depth="1" name="border" color="0,0,0,128" type="sliced"/>
				<sprite depth="2" name="background" color="0,0,0,140" type="sliced" />
				<filledsprite depth="3" name="background" color="0,0,96,128" width="156" type="filled" fill="{statmodifiedmax}" />
				<filledsprite depth="5" name="BarContent" color="0,54,255,160" width="156" type="filled" fill="0"  />
				<sprite depth="6" name="Icon" atlas="{staticonatlas|once}" sprite="ui_game_symbol_agility" size="32,32" pos="8,-6" foregroundlayer="true"/>
				<label depth="7" name="TextContent" pos="14,-10" font_size="28" color="[white]" justify="center" pivot="topleft" text="{statcurrentwithmax}" height="30"/>
				<sprite depth="8" name="border" color="0,0,0,255" type="sliced" fillcenter="false"/>
				<filledsprite depth="8" name="background" color="0,0,0,255" width="156" fillcenter="false" type="filled" fill="{statmodifiedmax}" />
				<filledsprite depth="3" name="background" color="0,54,255,255" width="156" fillcenter="false" type="filled" fill="{statmodifiedmax}" />
			</rect>

<!-- HEALTH -->
			<rect width="157" height="43" pos="0,-47" controller="HUDStatBar" stat_type="Health" visible="{statvisible}">
				<sprite depth="1" name="border" color="0,0,0,128" type="sliced"/>
				<sprite depth="2" name="background" color="0,0,0,140" type="sliced" />
				<filledsprite depth="3" name="background" color="80,0,0,128" width="157" type="filled" fill="{statmodifiedmax}" />
				<filledsprite depth="5" name="BarContent" color="255,0,0,160" width="157" type="filled" fill="0" />
				<sprite depth="6" name="Icon" atlas="{staticonatlas|once}" sprite="{staticon|once}" size="32,32" pos="8,-6" foregroundlayer="true"/>
				<label depth="7" name="TextContent" pos="14,-10" font_size="28" color="[white]" justify="center" pivot="topleft" text="{statcurrentwithmax}" height="30"/>
				<sprite depth="8" name="border" color="0,0,0,255" type="sliced" fillcenter="false"/>
				<filledsprite depth="8" name="background" color="0,0,0,255" width="157" fillcenter="false" type="filled" fill="{statmodifiedmax}" />
				<filledsprite depth="3" name="background" color="255,0,0,255" width="157" fillcenter="false" type="filled" fill="{statmodifiedmax}" />
			</rect>
		</rect>

<!-- BUFFS/DEBUFFS -->
		<rect name="hud" pos="90,123" side="left" controller="BuffPopoutList" pivot="BottomLeft" >
			<panel width="168" height="43" name="item" visible="false" pivot="right" disableautobackground="true" pos="70, 0" >
				<sprite depth="3" pos="0,0"  name="Background" sprite="ui_game_popup" height="43" width="162" pivot="center" flip="Horizontally" color="[transparent]" />
				<sprite depth="4" name="Icon" size="36,32" pos="-58,0" pivot="center" color="[transparent]"/>
				<label depth="6" name="TextContent" pos="0,-2" font_size="28" color="[white]" justify="center" height="30" pivot="center"/>
			</panel>
		</rect>
	
<!-- FOOD -->
		<rect name="hud" pos="9,53" rows="1" cols="3" width="168" side="right">
			<rect width="103" height="43" pos="0,0" controller="HUDStatBar" stat_type="Food" visible="{statvisible}">
				<sprite depth="1" name="border" color="0,0,0,128" type="sliced"/>
				<sprite depth="2" name="background" color="0,0,0,140" type="sliced" />
				<filledsprite depth="5" name="BarContent" color="0,255,54,128" globalopacity="false" type="filled" fill="0"  />
				<sprite depth="6" name="Icon" atlas="{staticonatlas|once}" sprite="ui_game_symbol_fork" color="255,255,255,192" size="32,32" pos="8,-6" foregroundlayer="true"/>
				<label depth="7" name="TextContent" pos="15,-10" font_size="28" color="255,255,255,192" justify="center" pivot="topleft" text="{statcurrent}" height="30"/>
				<sprite depth="8" name="border" color="0,0,0,255" type="sliced" fillcenter="false"/>
			</rect>

<!-- TEMP -->
			<rect width="104" height="43" pos="106,0" controller="MapStats" visible="{statvisible}">
				<sprite depth="1" name="border" color="0,0,0,128" type="sliced"/>
				<sprite depth="2" name="background" color="128,128,128,128" type="sliced" />
				<label depth="7" name="TextContent" pos="0,-10" font_size="28" color="255,255,255,192" justify="center" pivot="topleft" text="{playercoretemp}" height="30"/>
				<sprite depth="8" name="border" color="0,0,0,255" type="sliced" fillcenter="false"/>
			</rect>
			
<!-- WATER -->
			<rect width="103" height="43" pos="213,0" controller="HUDStatBar" stat_type="Water" visible="{statvisible}">
				<sprite depth="1" name="border" color="0,0,0,128" type="sliced"/>
				<sprite depth="2" name="background" color="0,0,0,140" type="sliced" />
				<filledsprite depth="5" name="BarContent" color="0,192,255,128" globalopacity="false" type="filled" fill="0"  />
				<sprite depth="6" name="Icon" atlas="{staticonatlas|once}" sprite="ui_game_symbol_water" color="255,255,255,192" size="32,32" pos="8,-6" foregroundlayer="true"/>
				<label depth="7" name="TextContent" pos="15,-10" font_size="28" color="255,255,255,192" justify="center" pivot="topleft" text="{statcurrent}" height="30"/>
				<sprite depth="8" name="border" color="0,0,0,255" type="sliced" fillcenter="false"/>
			</rect>
		</rect>
	</set>
</configs>