<JaxTeller718>	<!-- 工具 -->	<!-- 建筑工具 -->	<append xpath="/items/item[@name='meleeToolRepairT0StoneAxe']">	<!-- 石斧 -->		<effect_group name="Action Skills">			<triggered_effect trigger="onSelfHarvestBlock" action="ModifyCVar" cvar="AS_MiningTools_XP" operation="add" value="7"/><!-- 收获方块获得熟练度 -->			<triggered_effect trigger="onSelfRepairBlock" action="ModifyCVar" cvar="AS_ConstructionTools_XP" operation="add" value="5"/><!-- 修理方块获得熟练度 -->			<triggered_effect trigger="onSelfUpgradedBlock" action="ModifyCVar" cvar="AS_ConstructionTools_XP" operation="add" value="5"/><!-- 升级方块获得熟练度 -->		</effect_group>	</append>	<append xpath="/items/item[@name='meleeToolRepairT0TazasStoneAxe']"> <!-- 塔萨的石斧 -->		<effect_group name="Action Skills">			<triggered_effect trigger="onSelfHarvestBlock" action="ModifyCVar" cvar="AS_MiningTools_XP" operation="add" value="7"/>			<triggered_effect trigger="onSelfRepairBlock" action="ModifyCVar" cvar="AS_ConstructionTools_XP" operation="add" value="5"/>			<triggered_effect trigger="onSelfUpgradedBlock" action="ModifyCVar" cvar="AS_ConstructionTools_XP" operation="add" value="5"/>		</effect_group>	</append>		<append xpath="/items/item[@name='meleeToolRepairT1ClawHammer']">	<!-- 羊角锤 -->		<effect_group name="Action Skills">			<triggered_effect trigger="onSelfAttackedOther" action="ModifyCVar" cvar="AS_Blunt_XP" operation="add" value="5">				<requirement name="StatCompareCurrent" target="other" stat="health" operation="GT" value="0"/>			</triggered_effect>			<triggered_effect trigger="onSelfKilledOther" action="ModifyCVar" cvar="AS_Blunt_XP" operation="add" value="12"/>			<triggered_effect trigger="onSelfHarvestBlock" action="ModifyCVar" cvar="AS_ConstructionTools_XP" operation="add" value="7"/>			<triggered_effect trigger="onSelfRepairBlock" action="ModifyCVar" cvar="AS_ConstructionTools_XP" operation="add" value="5"/>			<triggered_effect trigger="onSelfUpgradedBlock" action="ModifyCVar" cvar="AS_ConstructionTools_XP" operation="add" value="5"/>		</effect_group>	</append>	<append xpath="/items/item[@name='meleeToolSalvageT1Wrench']">			<effect_group name="Action Skills">			<triggered_effect trigger="onSelfAttackedOther" action="ModifyCVar" cvar="AS_Blunt_XP" operation="add" value="5">				<requirement name="StatCompareCurrent" target="other" stat="health" operation="GT" value="0"/>			</triggered_effect>			<triggered_effect trigger="onSelfKilledOther" action="ModifyCVar" cvar="AS_Blunt_XP" operation="add" value="12"/>			<triggered_effect trigger="onSelfHarvestBlock" action="ModifyCVar" cvar="AS_ConstructionTools_XP" operation="add" value="7"/>			<triggered_effect trigger="onSelfRepairBlock" action="ModifyCVar" cvar="AS_ConstructionTools_XP" operation="add" value="5"/>			<triggered_effect trigger="onSelfUpgradedBlock" action="ModifyCVar" cvar="AS_ConstructionTools_XP" operation="add" value="5"/>		</effect_group>	</append>		<append xpath="/items/item[@name='meleeToolSalvageT2Ratchet']">			<effect_group name="Action Skills">			<triggered_effect trigger="onSelfAttackedOther" action="ModifyCVar" cvar="AS_Blunt_XP" operation="add" value="5">				<requirement name="StatCompareCurrent" target="other" stat="health" operation="GT" value="0"/>			</triggered_effect>			<triggered_effect trigger="onSelfKilledOther" action="ModifyCVar" cvar="AS_Blunt_XP" operation="add" value="12"/>			<triggered_effect trigger="onSelfHarvestBlock" action="ModifyCVar" cvar="AS_ConstructionTools_XP" operation="add" value="7"/>			<triggered_effect trigger="onSelfRepairBlock" action="ModifyCVar" cvar="AS_ConstructionTools_XP" operation="add" value="5"/>			<triggered_effect trigger="onSelfUpgradedBlock" action="ModifyCVar" cvar="AS_ConstructionTools_XP" operation="add" value="5"/>		</effect_group>	</append>		<append xpath="/items/item[@name='meleeToolSalvageT3ImpactDriver']">			<effect_group name="Action Skills">			<triggered_effect trigger="onSelfAttackedOther" action="ModifyCVar" cvar="AS_Blunt_XP" operation="add" value="5">				<requirement name="StatCompareCurrent" target="other" stat="health" operation="GT" value="0"/>			</triggered_effect>			<triggered_effect trigger="onSelfKilledOther" action="ModifyCVar" cvar="AS_Blunt_XP" operation="add" value="12"/>			<triggered_effect trigger="onSelfHarvestBlock" action="ModifyCVar" cvar="AS_ConstructionTools_XP" operation="add" value="7"/>			<triggered_effect trigger="onSelfRepairBlock" action="ModifyCVar" cvar="AS_ConstructionTools_XP" operation="add" value="5"/>			<triggered_effect trigger="onSelfUpgradedBlock" action="ModifyCVar" cvar="AS_ConstructionTools_XP" operation="add" value="5"/>		</effect_group>	</append>		<append xpath="/items/item[@name='meleeToolAxeT1IronFireaxe']">			<effect_group name="Action Skills">			<triggered_effect trigger="onSelfHarvestBlock" action="ModifyCVar" cvar="AS_ConstructionTools_XP" operation="add" value="10"/>			<triggered_effect trigger="onSelfAttackedOther" action="ModifyCVar" cvar="AS_Bladed_XP" operation="add" value="12">				<requirement name="StatCompareCurrent" target="other" stat="health" operation="GT" value="0"/>			</triggered_effect>			<triggered_effect trigger="onSelfKilledOther" action="ModifyCVar" cvar="AS_Bladed_XP" operation="add" value="36"/>		</effect_group>	</append>	<append xpath="/items/item[@name='meleeToolAxeT2SteelAxe']">			<effect_group name="Action Skills">			<triggered_effect trigger="onSelfHarvestBlock" action="ModifyCVar" cvar="AS_ConstructionTools_XP" operation="add" value="12"/>			<triggered_effect trigger="onSelfAttackedOther" action="ModifyCVar" cvar="AS_Bladed_XP" operation="add" value="15">				<requirement name="StatCompareCurrent" target="other" stat="health" operation="GT" value="0"/>			</triggered_effect>			<triggered_effect trigger="onSelfKilledOther" action="ModifyCVar" cvar="AS_Bladed_XP" operation="add" value="45"/>		</effect_group>	</append>	<!-- Mining Tools -->	<append xpath="/items/item[@name='meleeToolPickT1IronPickaxe']">			<effect_group name="Action Skills">			<triggered_effect trigger="onSelfHarvestBlock" action="ModifyCVar" cvar="AS_MiningTools_XP" operation="add" value="10"/>		</effect_group>	</append>	<append xpath="/items/item[@name='meleeToolPickT2SteelPickaxe']">			<effect_group name="Action Skills">			<triggered_effect trigger="onSelfHarvestBlock" action="ModifyCVar" cvar="AS_MiningTools_XP" operation="add" value="12"/>		</effect_group>	</append>	<append xpath="/items/item[@name='meleeToolShovelT0StoneShovel']">			<effect_group name="Action Skills">			<triggered_effect trigger="onSelfHarvestBlock" action="ModifyCVar" cvar="AS_MiningTools_XP" operation="add" value="8"/>		</effect_group>	</append>	<append xpath="/items/item[@name='meleeToolShovelT1IronShovel']">			<effect_group name="Action Skills">			<triggered_effect trigger="onSelfHarvestBlock" action="ModifyCVar" cvar="AS_MiningTools_XP" operation="add" value="10"/>		</effect_group>	</append>	<append xpath="/items/item[@name='meleeToolShovelT2SteelShovel']">			<effect_group name="Action Skills">			<triggered_effect trigger="onSelfHarvestBlock" action="ModifyCVar" cvar="AS_MiningTools_XP" operation="add" value="12"/>		</effect_group>	</append>	<!-- Weapons -->	<!-- Blunt -->	<append xpath="/items/item[@name='meleeWpnClubT0WoodenClub']">			<effect_group name="Action Skills">			<triggered_effect trigger="onSelfAttackedOther" action="ModifyCVar" cvar="AS_Blunt_XP" operation="add" value="10">				<requirement name="StatCompareCurrent" target="other" stat="health" operation="GT" value="0"/>			</triggered_effect>			<triggered_effect trigger="onSelfKilledOther" action="ModifyCVar" cvar="AS_Blunt_XP" operation="add" value="30"/>		</effect_group>	</append>		<append xpath="/items/item[@name='meleeWpnClubT1BaseballBat']">			<effect_group name="Action Skills">			<triggered_effect trigger="onSelfAttackedOther" action="ModifyCVar" cvar="AS_Blunt_XP" operation="add" value="12">				<requirement name="StatCompareCurrent" target="other" stat="health" operation="GT" value="0"/>			</triggered_effect>			<triggered_effect trigger="onSelfKilledOther" action="ModifyCVar" cvar="AS_Blunt_XP" operation="add" value="36"/>		</effect_group>	</append>		<append xpath="/items/item[@name='meleeWpnClubT1CandyClub']">			<effect_group name="Action Skills">			<triggered_effect trigger="onSelfAttackedOther" action="ModifyCVar" cvar="AS_Blunt_XP" operation="add" value="8">				<requirement name="StatCompareCurrent" target="other" stat="health" operation="GT" value="0"/>			</triggered_effect>			<triggered_effect trigger="onSelfKilledOther" action="ModifyCVar" cvar="AS_Blunt_XP" operation="add" value="24"/>		</effect_group>	</append>		<append xpath="/items/item[@name='meleeWpnClubT3SteelClub']">			<effect_group name="Action Skills">			<triggered_effect trigger="onSelfAttackedOther" action="ModifyCVar" cvar="AS_Blunt_XP" operation="add" value="10">				<requirement name="StatCompareCurrent" target="other" stat="health" operation="GT" value="0"/>			</triggered_effect>			<triggered_effect trigger="onSelfKilledOther" action="ModifyCVar" cvar="AS_Blunt_XP" operation="add" value="36"/>		</effect_group>	</append>	<append xpath="/items/item[@name='meleeWpnSledgeT0StoneSledgehammer']">			<effect_group name="Action Skills">			<triggered_effect trigger="onSelfAttackedOther" action="ModifyCVar" cvar="AS_Blunt_XP" operation="add" value="10">				<requirement name="StatCompareCurrent" target="other" stat="health" operation="GT" value="0"/>			</triggered_effect>			<triggered_effect trigger="onSelfKilledOther" action="ModifyCVar" cvar="AS_Blunt_XP" operation="add" value="36"/>		</effect_group>	</append>	<append xpath="/items/item[@name='meleeWpnSledgeT1IronSledgehammer']">			<effect_group name="Action Skills">			<triggered_effect trigger="onSelfAttackedOther" action="ModifyCVar" cvar="AS_Blunt_XP" operation="add" value="12">				<requirement name="StatCompareCurrent" target="other" stat="health" operation="GT" value="0"/>			</triggered_effect>			<triggered_effect trigger="onSelfKilledOther" action="ModifyCVar" cvar="AS_Blunt_XP" operation="add" value="45"/>		</effect_group>	</append>	<append xpath="/items/item[@name='meleeWpnSledgeT3SteelSledgehammer']">			<effect_group name="Action Skills">			<triggered_effect trigger="onSelfAttackedOther" action="ModifyCVar" cvar="AS_Blunt_XP" operation="add" value="15">				<requirement name="StatCompareCurrent" target="other" stat="health" operation="GT" value="0"/>			</triggered_effect>			<triggered_effect trigger="onSelfKilledOther" action="ModifyCVar" cvar="AS_Blunt_XP" operation="add" value="45"/>		</effect_group>	</append>	<!-- Bladed -->	<append xpath="/items/item[@name='meleeWpnBladeT0BoneKnife']">			<effect_group name="Action Skills">			<triggered_effect trigger="onSelfAttackedOther" action="ModifyCVar" cvar="AS_Bladed_XP" operation="add" value="8">				<requirement name="StatCompareCurrent" target="other" stat="health" operation="GT" value="0"/>			</triggered_effect>			<triggered_effect trigger="onSelfKilledOther" action="ModifyCVar" cvar="AS_Bladed_XP" operation="add" value="24"/>		</effect_group>	</append>	<append xpath="/items/item[@name='meleeWpnBladeT1HuntingKnife']">			<effect_group name="Action Skills">			<triggered_effect trigger="onSelfAttackedOther" action="ModifyCVar" cvar="AS_Bladed_XP" operation="add" value="10">				<requirement name="StatCompareCurrent" target="other" stat="health" operation="GT" value="0"/>			</triggered_effect>			<triggered_effect trigger="onSelfKilledOther" action="ModifyCVar" cvar="AS_Bladed_XP" operation="add" value="30"/>		</effect_group>	</append>	<append xpath="/items/item[@name='meleeWpnBladeT1CandyKnife']">			<effect_group name="Action Skills">			<triggered_effect trigger="onSelfAttackedOther" action="ModifyCVar" cvar="AS_Bladed_XP" operation="add" value="10">				<requirement name="StatCompareCurrent" target="other" stat="health" operation="GT" value="0"/>			</triggered_effect>			<triggered_effect trigger="onSelfKilledOther" action="ModifyCVar" cvar="AS_Bladed_XP" operation="add" value="30"/>		</effect_group>	</append>	<append xpath="/items/item[@name='meleeWpnBladeT3Machete']">			<effect_group name="Action Skills">			<triggered_effect trigger="onSelfAttackedOther" action="ModifyCVar" cvar="AS_Bladed_XP" operation="add" value="12">				<requirement name="StatCompareCurrent" target="other" stat="health" operation="GT" value="0"/>			</triggered_effect>			<triggered_effect trigger="onSelfKilledOther" action="ModifyCVar" cvar="AS_Bladed_XP" operation="add" value="36"/>		</effect_group>	</append>	<!-- Electric -->		<append xpath="/items/item[@name='meleeWpnBatonT0PipeBaton']">			<effect_group name="Action Skills">			<triggered_effect trigger="onSelfAttackedOther" action="ModifyCVar" cvar="AS_Electric_XP" operation="add" value="8">				<requirement name="StatCompareCurrent" target="other" stat="health" operation="GT" value="0"/>			</triggered_effect>			<triggered_effect trigger="onSelfKilledOther" action="ModifyCVar" cvar="AS_Electric_XP" operation="add" value="24"/>		</effect_group>	</append>		<append xpath="/items/item[@name='meleeWpnBatonT2StunBaton']">			<effect_group name="Action Skills">			<triggered_effect trigger="onSelfAttackedOther" action="ModifyCVar" cvar="AS_Electric_XP" operation="add" value="12">				<requirement name="StatCompareCurrent" target="other" stat="health" operation="GT" value="0"/>			</triggered_effect>			<triggered_effect trigger="onSelfKilledOther" action="ModifyCVar" cvar="AS_Electric_XP" operation="add" value="36"/>		</effect_group>	</append>	<!-- Turret -->	<append xpath="/items/item[@name='gunBotT1JunkSledge']">			<effect_group name="Action Skills">			<triggered_effect trigger="onSelfAttackedOther" action="ModifyCVar" cvar="AS_Turret_XP" operation="add" value="8">				<requirement name="StatCompareCurrent" target="other" stat="health" operation="GT" value="0"/>			</triggered_effect>			<triggered_effect trigger="onSelfKilledOther" action="ModifyCVar" cvar="AS_Turret_XP" operation="add" value="24"/>		</effect_group>	</append>		<append xpath="/items/item[@name='gunBotT2JunkTurret']">			<effect_group name="Action Skills">			<triggered_effect trigger="onSelfAttackedOther" action="ModifyCVar" cvar="AS_Turret_XP" operation="add" value="12">				<requirement name="StatCompareCurrent" target="other" stat="health" operation="GT" value="0"/>			</triggered_effect>			<triggered_effect trigger="onSelfKilledOther" action="ModifyCVar" cvar="AS_Turret_XP" operation="add" value="36"/>		</effect_group>	</append>	<!-- Javelin -->	<append xpath="/items/item[@name='meleeWpnSpearT0StoneSpear']">			<effect_group name="Action Skills">			<triggered_effect trigger="onSelfAttackedOther" action="ModifyCVar" cvar="AS_Javelin_XP" operation="add" value="10">				<requirement name="StatCompareCurrent" target="other" stat="health" operation="GT" value="0"/>			</triggered_effect>			<triggered_effect trigger="onSelfKilledOther" action="ModifyCVar" cvar="AS_Javelin_XP" operation="add" value="24"/>		</effect_group>	</append>	<append xpath="/items/item[@name='meleeWpnSpearT1IronSpear']">			<effect_group name="Action Skills">			<triggered_effect trigger="onSelfAttackedOther" action="ModifyCVar" cvar="AS_Javelin_XP" operation="add" value="12">				<requirement name="StatCompareCurrent" target="other" stat="health" operation="GT" value="0"/>			</triggered_effect>			<triggered_effect trigger="onSelfKilledOther" action="ModifyCVar" cvar="AS_Javelin_XP" operation="add" value="30"/>		</effect_group>	</append>	<append xpath="/items/item[@name='meleeWpnSpearT3SteelSpear']">			<effect_group name="Action Skills">			<triggered_effect trigger="onSelfAttackedOther" action="ModifyCVar" cvar="AS_Javelin_XP" operation="add" value="14">				<requirement name="StatCompareCurrent" target="other" stat="health" operation="GT" value="0"/>			</triggered_effect>			<triggered_effect trigger="onSelfKilledOther" action="ModifyCVar" cvar="AS_Javelin_XP" operation="add" value="36"/>		</effect_group>	</append>	<!-- Fist -->	<append xpath="/items/item[@name='meleeWpnKnucklesT0LeatherKnuckles']">			<effect_group name="Action Skills">			<triggered_effect trigger="onSelfAttackedOther" action="ModifyCVar" cvar="AS_Brawler_XP" operation="add" value="10">				<requirement name="StatCompareCurrent" target="other" stat="health" operation="GT" value="0"/>			</triggered_effect>			<triggered_effect trigger="onSelfKilledOther" action="ModifyCVar" cvar="AS_Brawler_XP" operation="add" value="30"/>		</effect_group>	</append>	<append xpath="/items/item[@name='meleeWpnKnucklesT1IronKnuckles']">			<effect_group name="Action Skills">			<triggered_effect trigger="onSelfAttackedOther" action="ModifyCVar" cvar="AS_Brawler_XP" operation="add" value="10">				<requirement name="StatCompareCurrent" target="other" stat="health" operation="GT" value="0"/>			</triggered_effect>			<triggered_effect trigger="onSelfKilledOther" action="ModifyCVar" cvar="AS_Brawler_XP" operation="add" value="30"/>		</effect_group>	</append>	<append xpath="/items/item[@name='meleeWpnKnucklesT3SteelKnuckles']">			<effect_group name="Action Skills">			<triggered_effect trigger="onSelfAttackedOther" action="ModifyCVar" cvar="AS_Brawler_XP" operation="add" value="10">				<requirement name="StatCompareCurrent" target="other" stat="health" operation="GT" value="0"/>			</triggered_effect>			<triggered_effect trigger="onSelfKilledOther" action="ModifyCVar" cvar="AS_Brawler_XP" operation="add" value="30"/>		</effect_group>	</append>	<append xpath="/items/item[@name='meleeHandPlayer']">			<effect_group name="Action Skills">			<triggered_effect trigger="onSelfAttackedOther" action="ModifyCVar" cvar="AS_Brawler_XP" operation="add" value="10">				<requirement name="StatCompareCurrent" target="other" stat="health" operation="GT" value="0"/>			</triggered_effect>			<triggered_effect trigger="onSelfKilledOther" action="ModifyCVar" cvar="AS_Brawler_XP" operation="add" value="30"/>		</effect_group>	</append>	<!-- Archery -->	<append xpath="/items/item[@name='gunBowT0PrimitiveBow']">			<effect_group name="Action Skills">			<triggered_effect trigger="onSelfAttackedOther" action="ModifyCVar" cvar="AS_Archery_XP" operation="add" value="6">				<requirement name="StatCompareCurrent" target="other" stat="health" operation="GT" value="0"/>			</triggered_effect>			<triggered_effect trigger="onSelfKilledOther" action="ModifyCVar" cvar="AS_Archery_XP" operation="add" value="24"/>		</effect_group>	</append>	<append xpath="/items/item[@name='gunBowT1WoodenBow']">			<effect_group name="Action Skills">			<triggered_effect trigger="onSelfAttackedOther" action="ModifyCVar" cvar="AS_Archery_XP" operation="add" value="8">				<requirement name="StatCompareCurrent" target="other" stat="health" operation="GT" value="0"/>			</triggered_effect>			<triggered_effect trigger="onSelfKilledOther" action="ModifyCVar" cvar="AS_Archery_XP" operation="add" value="24"/>		</effect_group>	</append>	<append xpath="/items/item[@name='gunBowT3CompoundBow']">			<effect_group name="Action Skills">			<triggered_effect trigger="onSelfAttackedOther" action="ModifyCVar" cvar="AS_Archery_XP" operation="add" value="10">				<requirement name="StatCompareCurrent" target="other" stat="health" operation="GT" value="0"/>			</triggered_effect>			<triggered_effect trigger="onSelfKilledOther" action="ModifyCVar" cvar="AS_Archery_XP" operation="add" value="30"/>		</effect_group>	</append>	<append xpath="/items/item[@name='gunBowT1IronCrossbow']">			<effect_group name="Action Skills">			<triggered_effect trigger="onSelfAttackedOther" action="ModifyCVar" cvar="AS_Archery_XP" operation="add" value="12">				<requirement name="StatCompareCurrent" target="other" stat="health" operation="GT" value="0"/>			</triggered_effect>			<triggered_effect trigger="onSelfKilledOther" action="ModifyCVar" cvar="AS_Archery_XP" operation="add" value="36"/>		</effect_group>	</append>	<append xpath="/items/item[@name='gunBowT3CompoundCrossbow']">			<effect_group name="Action Skills">			<triggered_effect trigger="onSelfAttackedOther" action="ModifyCVar" cvar="AS_Archery_XP" operation="add" value="12">				<requirement name="StatCompareCurrent" target="other" stat="health" operation="GT" value="0"/>			</triggered_effect>			<triggered_effect trigger="onSelfKilledOther" action="ModifyCVar" cvar="AS_Archery_XP" operation="add" value="36"/>		</effect_group>	</append>		<append xpath="/items/item[@name='ammoArrowStone']">			<effect_group name="Action Skills" tiered="false">			<triggered_effect trigger="onSelfAttackedOther" action="ModifyCVar" cvar="AS_Archery_XP" operation="add" value="1">				<requirement name="StatCompareCurrent" target="other" stat="health" operation="GT" value="0"/>			</triggered_effect>			<triggered_effect trigger="onSelfKilledOther" action="ModifyCVar" cvar="AS_Archery_XP" operation="add" value="3"/>		</effect_group>	</append>	<append xpath="/items/item[@name='ammoArrowIron']">			<effect_group name="Action Skills" tiered="false">			<triggered_effect trigger="onSelfAttackedOther" action="ModifyCVar" cvar="AS_Archery_XP" operation="add" value="1">				<requirement name="StatCompareCurrent" target="other" stat="health" operation="GT" value="0"/>			</triggered_effect>			<triggered_effect trigger="onSelfKilledOther" action="ModifyCVar" cvar="AS_Archery_XP" operation="add" value="3"/>		</effect_group>	</append>	<append xpath="/items/item[@name='ammoArrowSteelAP']">			<effect_group name="Action Skills" tiered="false">			<triggered_effect trigger="onSelfAttackedOther" action="ModifyCVar" cvar="AS_Archery_XP" operation="add" value="2">				<requirement name="StatCompareCurrent" target="other" stat="health" operation="GT" value="0"/>			</triggered_effect>			<triggered_effect trigger="onSelfKilledOther" action="ModifyCVar" cvar="AS_Archery_XP" operation="add" value="6"/>		</effect_group>	</append>	<append xpath="/items/item[@name='ammoArrowFlaming']">			<effect_group name="Action Skills" tiered="false">			<triggered_effect trigger="onSelfAttackedOther" action="ModifyCVar" cvar="AS_Archery_XP" operation="add" value="3">				<requirement name="StatCompareCurrent" target="other" stat="health" operation="GT" value="0"/>			</triggered_effect>			<triggered_effect trigger="onSelfKilledOther" action="ModifyCVar" cvar="AS_Archery_XP" operation="add" value="9"/>		</effect_group>	</append>		<append xpath="/items/item[@name='ammoCrossbowBoltStone']">			<effect_group name="Action Skills" tiered="false">			<triggered_effect trigger="onSelfAttackedOther" action="ModifyCVar" cvar="AS_Archery_XP" operation="add" value="1">				<requirement name="StatCompareCurrent" target="other" stat="health" operation="GT" value="0"/>			</triggered_effect>			<triggered_effect trigger="onSelfKilledOther" action="ModifyCVar" cvar="AS_Archery_XP" operation="add" value="3"/>		</effect_group>	</append>	<append xpath="/items/item[@name='ammoCrossbowBoltIron']">			<effect_group name="Action Skills" tiered="false">			<triggered_effect trigger="onSelfAttackedOther" action="ModifyCVar" cvar="AS_Archery_XP" operation="add" value="1">				<requirement name="StatCompareCurrent" target="other" stat="health" operation="GT" value="0"/>			</triggered_effect>			<triggered_effect trigger="onSelfKilledOther" action="ModifyCVar" cvar="AS_Archery_XP" operation="add" value="3"/>		</effect_group>	</append>	<append xpath="/items/item[@name='ammoCrossbowBoltSteelAP']">			<effect_group name="Action Skills" tiered="false">			<triggered_effect trigger="onSelfAttackedOther" action="ModifyCVar" cvar="AS_Archery_XP" operation="add" value="2">				<requirement name="StatCompareCurrent" target="other" stat="health" operation="GT" value="0"/>			</triggered_effect>			<triggered_effect trigger="onSelfKilledOther" action="ModifyCVar" cvar="AS_Archery_XP" operation="add" value="6"/>		</effect_group>	</append>	<append xpath="/items/item[@name='ammoCrossbowBoltExploding']">			<effect_group name="Action Skills" tiered="false">			<triggered_effect trigger="onSelfAttackedOther" action="ModifyCVar" cvar="AS_Archery_XP" operation="add" value="4">				<requirement name="StatCompareCurrent" target="other" stat="health" operation="GT" value="0"/>			</triggered_effect>			<triggered_effect trigger="onSelfKilledOther" action="ModifyCVar" cvar="AS_Archery_XP" operation="add" value="12"/>		</effect_group>	</append>	<!-- 手枪 -->		<append xpath="/items/item[@name='gunHandgunT0PipePistol']">			<effect_group name="Action Skills">			<triggered_effect trigger="onSelfAttackedOther" action="ModifyCVar" cvar="AS_Pistols_XP" operation="add" value="6">				<requirement name="StatCompareCurrent" target="other" stat="health" operation="GT" value="0"/>			</triggered_effect>			<triggered_effect trigger="onSelfKilledOther" action="ModifyCVar" cvar="AS_Pistols_XP" operation="add" value="24"/>		</effect_group>	</append>		<append xpath="/items/item[@name='gunHandgunT1Pistol']">			<effect_group name="Action Skills">			<triggered_effect trigger="onSelfAttackedOther" action="ModifyCVar" cvar="AS_Pistols_XP" operation="add" value="6">				<requirement name="StatCompareCurrent" target="other" stat="health" operation="GT" value="0"/>			</triggered_effect>			<triggered_effect trigger="onSelfKilledOther" action="ModifyCVar" cvar="AS_Pistols_XP" operation="add" value="24"/>		</effect_group>	</append>		<append xpath="/items/item[@name='gunHandgunT3SMG5']">			<effect_group name="Action Skills">			<triggered_effect trigger="onSelfAttackedOther" action="ModifyCVar" cvar="AS_Automatics_XP" operation="add" value="6">				<requirement name="StatCompareCurrent" target="other" stat="health" operation="GT" value="0"/>			</triggered_effect>			<triggered_effect trigger="onSelfKilledOther" action="ModifyCVar" cvar="AS_Automatics_XP" operation="add" value="24"/>		</effect_group>	</append>	<append xpath="/items/item[@name='gunHandgunT2Magnum44']">			<effect_group name="Action Skills">			<triggered_effect trigger="onSelfAttackedOther" action="ModifyCVar" cvar="AS_Pistols_XP" operation="add" value="15">				<requirement name="StatCompareCurrent" target="other" stat="health" operation="GT" value="0"/>			</triggered_effect>			<triggered_effect trigger="onSelfKilledOther" action="ModifyCVar" cvar="AS_Pistols_XP" operation="add" value="60"/>		</effect_group>	</append>		<append xpath="/items/item[@name='gunHandgunT3DesertVulture']">			<effect_group name="Action Skills">			<triggered_effect trigger="onSelfAttackedOther" action="ModifyCVar" cvar="AS_Pistols_XP" operation="add" value="15">				<requirement name="StatCompareCurrent" target="other" stat="health" operation="GT" value="0"/>			</triggered_effect>			<triggered_effect trigger="onSelfKilledOther" action="ModifyCVar" cvar="AS_Pistols_XP" operation="add" value="60"/>		</effect_group>	</append>		<!-- 散弹枪 -->	<append xpath="/items/item[@name='gunShotgunT0PipeShotgun']">			<effect_group name="Action Skills">			<triggered_effect trigger="onSelfAttackedOther" action="ModifyCVar" cvar="AS_Shotguns_XP" operation="add" value="1">				<requirement name="StatCompareCurrent" target="other" stat="health" operation="GT" value="0"/>			</triggered_effect>			<triggered_effect trigger="onSelfKilledOther" action="ModifyCVar" cvar="AS_Shotguns_XP" operation="add" value="40"/>		</effect_group>	</append>	<append xpath="/items/item[@name='gunShotgunT2PumpShotgun']">			<effect_group name="Action Skills">			<triggered_effect trigger="onSelfAttackedOther" action="ModifyCVar" cvar="AS_Shotguns_XP" operation="add" value="1">				<requirement name="StatCompareCurrent" target="other" stat="health" operation="GT" value="0"/>			</triggered_effect>			<triggered_effect trigger="onSelfKilledOther" action="ModifyCVar" cvar="AS_Shotguns_XP" operation="add" value="45"/>		</effect_group>	</append>		<append xpath="/items/item[@name='gunShotgunT3AutoShotgun']">			<effect_group name="Action Skills">			<triggered_effect trigger="onSelfAttackedOther" action="ModifyCVar" cvar="AS_Shotguns_XP" operation="add" value="1">				<requirement name="StatCompareCurrent" target="other" stat="health" operation="GT" value="0"/>			</triggered_effect>			<triggered_effect trigger="onSelfKilledOther" action="ModifyCVar" cvar="AS_Shotguns_XP" operation="add" value="45"/>		</effect_group>	</append>	<append xpath="/items/item[@name='gunShotgunT1DoubleBarrel']">			<effect_group name="Action Skills">			<triggered_effect trigger="onSelfAttackedOther" action="ModifyCVar" cvar="AS_Shotguns_XP" operation="add" value="1">				<requirement name="StatCompareCurrent" target="other" stat="health" operation="GT" value="0"/>			</triggered_effect>			<triggered_effect trigger="onSelfKilledOther" action="ModifyCVar" cvar="AS_Shotguns_XP" operation="add" value="45"/>		</effect_group>	</append>	<!-- 步枪 -->	<append xpath="/items/item[@name='gunRifleT0PipeRifle']">			<effect_group name="Action Skills">			<triggered_effect trigger="onSelfAttackedOther" action="ModifyCVar" cvar="AS_Rifles_XP" operation="add" value="8">				<requirement name="StatCompareCurrent" target="other" stat="health" operation="GT" value="0"/>			</triggered_effect>			<triggered_effect trigger="onSelfKilledOther" action="ModifyCVar" cvar="AS_Rifles_XP" operation="add" value="36"/>		</effect_group>	</append>		<append xpath="/items/item[@name='gunRifleT1HuntingRifle']">			<effect_group name="Action Skills">			<triggered_effect trigger="onSelfAttackedOther" action="ModifyCVar" cvar="AS_Rifles_XP" operation="add" value="10">				<requirement name="StatCompareCurrent" target="other" stat="health" operation="GT" value="0"/>			</triggered_effect>			<triggered_effect trigger="onSelfKilledOther" action="ModifyCVar" cvar="AS_Rifles_XP" operation="add" value="40"/>		</effect_group>	</append>	<append xpath="/items/item[@name='gunRifleT2LeverActionRifle']">			<effect_group name="Action Skills">			<triggered_effect trigger="onSelfAttackedOther" action="ModifyCVar" cvar="AS_Rifles_XP" operation="add" value="10">				<requirement name="StatCompareCurrent" target="other" stat="health" operation="GT" value="0"/>			</triggered_effect>			<triggered_effect trigger="onSelfKilledOther" action="ModifyCVar" cvar="AS_Rifles_XP" operation="add" value="40"/>		</effect_group>	</append>		<append xpath="/items/item[@name='gunRifleT3SniperRifle']">			<effect_group name="Action Skills">			<triggered_effect trigger="onSelfAttackedOther" action="ModifyCVar" cvar="AS_Rifles_XP" operation="add" value="10">				<requirement name="StatCompareCurrent" target="other" stat="health" operation="GT" value="0"/>			</triggered_effect>			<triggered_effect trigger="onSelfKilledOther" action="ModifyCVar" cvar="AS_Rifles_XP" operation="add" value="40"/>		</effect_group>	</append>	<!-- 自动武器 -->	<append xpath="/items/item[@name='gunMGT0PipeMachineGun']">			<effect_group name="Action Skills">			<triggered_effect trigger="onSelfAttackedOther" action="ModifyCVar" cvar="AS_Automatics_XP" operation="add" value="8">				<requirement name="StatCompareCurrent" target="other" stat="health" operation="GT" value="0"/>			</triggered_effect>			<triggered_effect trigger="onSelfKilledOther" action="ModifyCVar" cvar="AS_Automatics_XP" operation="add" value="32"/>		</effect_group>	</append>	<append xpath="/items/item[@name='gunMGT1AK47']">			<effect_group name="Action Skills">			<triggered_effect trigger="onSelfAttackedOther" action="ModifyCVar" cvar="AS_Automatics_XP" operation="add" value="8">				<requirement name="StatCompareCurrent" target="other" stat="health" operation="GT" value="0"/>			</triggered_effect>			<triggered_effect trigger="onSelfKilledOther" action="ModifyCVar" cvar="AS_Automatics_XP" operation="add" value="32"/>		</effect_group>	</append>	<append xpath="/items/item[@name='gunMGT2TacticalAR']">			<effect_group name="Action Skills">			<triggered_effect trigger="onSelfAttackedOther" action="ModifyCVar" cvar="AS_Automatics_XP" operation="add" value="8">				<requirement name="StatCompareCurrent" target="other" stat="health" operation="GT" value="0"/>			</triggered_effect>			<triggered_effect trigger="onSelfKilledOther" action="ModifyCVar" cvar="AS_Automatics_XP" operation="add" value="32"/>		</effect_group>	</append>	<append xpath="/items/item[@name='gunMGT3M60']">			<effect_group name="Action Skills">			<triggered_effect trigger="onSelfAttackedOther" action="ModifyCVar" cvar="AS_Automatics_XP" operation="add" value="8">				<requirement name="StatCompareCurrent" target="other" stat="health" operation="GT" value="0"/>			</triggered_effect>			<triggered_effect trigger="onSelfKilledOther" action="ModifyCVar" cvar="AS_Automatics_XP" operation="add" value="32"/>		</effect_group>	</append></JaxTeller718>