<JaxTeller718>	<append xpath="/progression/attributes">		<attribute name="attActionSkills" name_key="熟练度" desc_key="熟练度会随着你使用各种工具或武器来获得提升" max_level="1" icon="ui_game_symbol_resource">			<effect_group name="Action Skills Lvl 0 Set">				<requirement name="CVarCompare" cvar="AS_ConstructionTools_XP" operation="Equals" value="0"/>				<requirement name="CVarCompare" cvar="AS_MiningTools_XP" operation="Equals" value="0"/>				<requirement name="CVarCompare" cvar="AS_Blunt_XP" operation="Equals" value="0"/>				<requirement name="CVarCompare" cvar="AS_Bladed_XP" operation="Equals" value="0"/>				<requirement name="CVarCompare" cvar="AS_Electric_XP" operation="Equals" value="0"/>				<requirement name="CVarCompare" cvar="AS_Turret_XP" operation="Equals" value="0"/>				<requirement name="CVarCompare" cvar="AS_Javelin_XP" operation="Equals" value="0"/>				<requirement name="CVarCompare" cvar="AS_Brawler_XP" operation="Equals" value="0"/>				<requirement name="CVarCompare" cvar="AS_Archery_XP" operation="Equals" value="0"/>				<requirement name="CVarCompare" cvar="AS_Pistols_XP" operation="Equals" value="0"/>				<requirement name="CVarCompare" cvar="AS_Shotguns_XP" operation="Equals" value="0"/>				<requirement name="CVarCompare" cvar="AS_Rifles_XP" operation="Equals" value="0"/>				<requirement name="CVarCompare" cvar="AS_Automatics_XP" operation="Equals" value="0"/>				<triggered_effect trigger="onSelfEnteredGame" action="ModifyCVar" cvar="AS_XP_Mult" operation="set" value="1.015"/>				<triggered_effect trigger="onSelfEnteredGame" action="ModifyCVar" cvar="AS_ConstructionTools_LvlNextAdd" operation="set" value="500"/>				<triggered_effect trigger="onSelfEnteredGame" action="ModifyCVar" cvar="AS_ConstructionTools_LvlNextTotal" operation="set" value="500"/>				<triggered_effect trigger="onSelfEnteredGame" action="ModifyCVar" cvar="AS_MiningTools_LvlNextAdd" operation="set" value="500"/>				<triggered_effect trigger="onSelfEnteredGame" action="ModifyCVar" cvar="AS_MiningTools_LvlNextTotal" operation="set" value="500"/>				<triggered_effect trigger="onSelfEnteredGame" action="ModifyCVar" cvar="AS_Blunt_LvlNextAdd" operation="set" value="500"/>				<triggered_effect trigger="onSelfEnteredGame" action="ModifyCVar" cvar="AS_Blunt_LvlNextTotal" operation="set" value="500"/>				<triggered_effect trigger="onSelfEnteredGame" action="ModifyCVar" cvar="AS_Bladed_LvlNextAdd" operation="set" value="500"/>				<triggered_effect trigger="onSelfEnteredGame" action="ModifyCVar" cvar="AS_Bladed_LvlNextTotal" operation="set" value="500"/>				<triggered_effect trigger="onSelfEnteredGame" action="ModifyCVar" cvar="AS_Electric_LvlNextAdd" operation="set" value="500"/>				<triggered_effect trigger="onSelfEnteredGame" action="ModifyCVar" cvar="AS_Electric_LvlNextTotal" operation="set" value="500"/>				<triggered_effect trigger="onSelfEnteredGame" action="ModifyCVar" cvar="AS_Turret_LvlNextAdd" operation="set" value="500"/>				<triggered_effect trigger="onSelfEnteredGame" action="ModifyCVar" cvar="AS_Turret_LvlNextTotal" operation="set" value="500"/>				<triggered_effect trigger="onSelfEnteredGame" action="ModifyCVar" cvar="AS_Javelin_LvlNextAdd" operation="set" value="500"/>				<triggered_effect trigger="onSelfEnteredGame" action="ModifyCVar" cvar="AS_Javelin_LvlNextTotal" operation="set" value="500"/>				<triggered_effect trigger="onSelfEnteredGame" action="ModifyCVar" cvar="AS_Brawler_LvlNextAdd" operation="set" value="500"/>				<triggered_effect trigger="onSelfEnteredGame" action="ModifyCVar" cvar="AS_Brawler_LvlNextTotal" operation="set" value="500"/>				<triggered_effect trigger="onSelfEnteredGame" action="ModifyCVar" cvar="AS_Archery_LvlNextAdd" operation="set" value="500"/>				<triggered_effect trigger="onSelfEnteredGame" action="ModifyCVar" cvar="AS_Archery_LvlNextTotal" operation="set" value="500"/>				<triggered_effect trigger="onSelfEnteredGame" action="ModifyCVar" cvar="AS_Pistols_LvlNextAdd" operation="set" value="500"/>				<triggered_effect trigger="onSelfEnteredGame" action="ModifyCVar" cvar="AS_Pistols_LvlNextTotal" operation="set" value="500"/>				<triggered_effect trigger="onSelfEnteredGame" action="ModifyCVar" cvar="AS_Shotguns_LvlNextAdd" operation="set" value="500"/>				<triggered_effect trigger="onSelfEnteredGame" action="ModifyCVar" cvar="AS_Shotguns_LvlNextTotal" operation="set" value="500"/>				<triggered_effect trigger="onSelfEnteredGame" action="ModifyCVar" cvar="AS_Rifles_LvlNextAdd" operation="set" value="500"/>				<triggered_effect trigger="onSelfEnteredGame" action="ModifyCVar" cvar="AS_Rifles_LvlNextTotal" operation="set" value="500"/>				<triggered_effect trigger="onSelfEnteredGame" action="ModifyCVar" cvar="AS_Automatics_LvlNextAdd" operation="set" value="500"/>				<triggered_effect trigger="onSelfEnteredGame" action="ModifyCVar" cvar="AS_Automatics_LvlNextTotal" operation="set" value="500"/>			</effect_group>				</attribute>	</append>	<append xpath="/progression/skills">		<skill name="skillASTools" parent="attActionSkills" name_key="工具熟练度" desc_key="工具的熟练度" icon="ui_game_symbol_resource">			<effect_group/>		</skill>		<skill name="skillASWeapons" parent="attActionSkills" name_key="武器熟练度" desc_key="武器的熟练度" icon="ui_game_symbol_marksmanship">			<effect_group/>		</skill>	</append>	<append xpath="/progression/perks">		<!-- 工具 -->		<perk name="perkASMiningTools" parent="skillASTools" max_level="100" base_skill_point_cost="0" name_key="采矿工具" desc_key="每技能等级+1%方块伤害和资源收获-0.3%耐力消耗" icon="ui_game_symbol_mining">			<effect_group>				<passive_effect name="BlockDamage" operation="perc_add" value="0.01,1" level="1,100"/>				<passive_effect name="HarvestCount" operation="perc_add" value="0.01,1" level="1,100" tags="oreWoodHarvest"/>				<passive_effect name="StaminaLoss" operation="perc_subtract" value="0.003,0.3" level="1,100"/>			</effect_group>			<effect_group name="AS Mining Tools Lvl Increase">				<requirement name="CVarCompare" cvar="AS_MiningTools_Lvl" operation="LT" value="100"/>				<requirement name="CVarCompare" cvar="AS_MiningTools_XP" operation="GTE" value="@AS_MiningTools_LvlNextTotal"/>				<triggered_effect trigger="onSelfHarvestBlock" action="ModifyCVar" cvar="AS_MiningTools_LvlNextAdd" operation="multiply" value="@AS_XP_Mult"/>				<triggered_effect trigger="onSelfHarvestBlock" action="ModifyCVar" cvar="AS_MiningTools_LvlNextTotal" operation="add" value="@AS_MiningTools_LvlNextAdd"/>				<triggered_effect trigger="onSelfHarvestBlock" action="ModifyCVar" cvar="AS_MiningTools_Lvl" operation="add" value="1"/>				<triggered_effect trigger="onSelfHarvestBlock" action="ShowToolbeltMessage" message="采矿工具熟练度等级提升"/>			</effect_group>			<effect_group>				<triggered_effect trigger="onPerkLevelChanged" action="ModifyCVar" cvar="AS_MiningTools_XP" operation="add" value="@AS_MiningTools_LvlNextAdd"/>				<triggered_effect trigger="onPerkLevelChanged" action="ModifyCVar" cvar="AS_MiningTools_LvlNextAdd" operation="multiply" value="@AS_XP_Mult"/>				<triggered_effect trigger="onPerkLevelChanged" action="ModifyCVar" cvar="AS_MiningTools_LvlNextTotal" operation="add" value="@AS_MiningTools_LvlNextAdd"/>				<triggered_effect trigger="onPerkLevelChanged" action="ModifyCVar" cvar="AS_MiningTools_Lvl_Perm" operation="add" value="1"/>				<triggered_effect trigger="onPerkLevelChanged" action="ShowToolbeltMessage" message="采矿工具熟练度等级提升"/>			</effect_group>		</perk>				<!-- 工具 -->		<perk name="perkASConstructionTools" parent="skillASTools" max_level="100" base_skill_point_cost="0" name_key="建筑工具" desc_key="每技能等级+1%方块伤害和资源收获-0.3%耐力消耗" icon="ui_game_symbol_block_repair">			<effect_group>				<passive_effect name="BlockDamage" operation="perc_add" value="0.01,1" level="1,100"/>				<passive_effect name="HarvestCount" operation="perc_add" value="0.01,1" level="1,100" tags="oreWoodHarvest"/>				<passive_effect name="StaminaLoss" operation="perc_subtract" value="0.003,0.3" level="1,100"/>			</effect_group>			<effect_group name="AS Construction Tools Lvl Increase">				<requirement name="CVarCompare" cvar="AS_ConstructionTools_Lvl" operation="LT" value="100"/>				<requirement name="CVarCompare" cvar="AS_ConstructionTools_XP" operation="GTE" value="@AS_ConstructionTools_LvlNextTotal"/>				<triggered_effect trigger="onSelfHarvestBlock" action="ModifyCVar" cvar="AS_ConstructionTools_LvlNextAdd" operation="multiply" value="@AS_XP_Mult"/>				<triggered_effect trigger="onSelfHarvestBlock" action="ModifyCVar" cvar="AS_ConstructionTools_LvlNextTotal" operation="add" value="@AS_ConstructionTools_LvlNextAdd"/>				<triggered_effect trigger="onSelfHarvestBlock" action="ModifyCVar" cvar="AS_ConstructionTools_Lvl" operation="add" value="1"/>				<triggered_effect trigger="onSelfHarvestBlock" action="ShowToolbeltMessage" message="建筑工具熟练度等级提升"/>			</effect_group>			<effect_group>				<triggered_effect trigger="onPerkLevelChanged" action="ModifyCVar" cvar="AS_ConstructionTools_XP" operation="add" value="@AS_ConstructionTools_LvlNextAdd"/>				<triggered_effect trigger="onPerkLevelChanged" action="ModifyCVar" cvar="AS_ConstructionTools_LvlNextAdd" operation="multiply" value="@AS_XP_Mult"/>				<triggered_effect trigger="onPerkLevelChanged" action="ModifyCVar" cvar="AS_ConstructionTools_LvlNextTotal" operation="add" value="@AS_ConstructionTools_LvlNextAdd"/>				<triggered_effect trigger="onPerkLevelChanged" action="ModifyCVar" cvar="AS_ConstructionTools_Lvl_Perm" operation="add" value="1"/>				<triggered_effect trigger="onPerkLevelChanged" action="ShowToolbeltMessage" message="建筑工具熟练度等级提升"/>			</effect_group>		</perk>		<!-- 武器 -->		<perk name="perkASBlunt" parent="skillASWeapons" max_level="100" base_skill_point_cost="0" name_key="钝器" desc_key="每技能等级+0.3%伤害-0.3%耐力消耗" icon="ui_game_symbol_sledge">			<effect_group>				<requirement name="HoldingItemHasTags" tags="blunt"/>				<passive_effect name="EntityDamage" operation="perc_add" value="0.003,0.3" level="1,100"/>				<passive_effect name="StaminaLoss" operation="perc_subtract" value="0.003,0.3" level="1,100"/>			</effect_group>			<effect_group name="AS Blunt Lvl Increase">				<requirement name="CVarCompare" cvar="AS_Blunt_Lvl" operation="LT" value="100"/>				<requirement name="CVarCompare" cvar="AS_Blunt_XP" operation="GTE" value="@AS_Blunt_LvlNextTotal"/>				<requirement name="HoldingItemHasTags" tags="blunt"/>				<triggered_effect trigger="onSelfDamagedOther" action="ModifyCVar" cvar="AS_Blunt_LvlNextAdd" operation="multiply" value="@AS_XP_Mult"/>				<triggered_effect trigger="onSelfDamagedOther" action="ModifyCVar" cvar="AS_Blunt_LvlNextTotal" operation="add" value="@AS_Blunt_LvlNextAdd"/>				<triggered_effect trigger="onSelfDamagedOther" action="ModifyCVar" cvar="AS_Blunt_Lvl" operation="add" value="1"/>				<triggered_effect trigger="onSelfDamagedOther" action="ShowToolbeltMessage" message="钝器熟练度等级提升"/>			</effect_group>			<effect_group>				<triggered_effect trigger="onPerkLevelChanged" action="ModifyCVar" cvar="AS_Blunt_XP" operation="add" value="@AS_Blunt_LvlNextAdd"/>				<triggered_effect trigger="onPerkLevelChanged" action="ModifyCVar" cvar="AS_Blunt_LvlNextAdd" operation="multiply" value="@AS_XP_Mult"/>				<triggered_effect trigger="onPerkLevelChanged" action="ModifyCVar" cvar="AS_Blunt_LvlNextTotal" operation="add" value="@AS_Blunt_LvlNextAdd"/>				<triggered_effect trigger="onPerkLevelChanged" action="ModifyCVar" cvar="AS_Blunt_Lvl_Perm" operation="add" value="1"/>				<triggered_effect trigger="onPerkLevelChanged" action="ShowToolbeltMessage" message="钝器熟练度等级提升"/>			</effect_group>		</perk>		<perk name="perkASBladed" parent="skillASWeapons" max_level="100" base_skill_point_cost="0" name_key="刀具" desc_key="每技能等级+0.3%伤害-0.3%耐力消耗" icon="ui_game_symbol_deep_cuts">			<effect_group>				<requirement name="HoldingItemHasTags" tags="perkDeepCuts"/>				<passive_effect name="EntityDamage" operation="perc_add" value="0.003,0.3" level="1,100"/>				<passive_effect name="StaminaLoss" operation="perc_subtract" value="0.003,0.3" level="1,100"/>			</effect_group>			<effect_group name="AS Bladed Lvl Increase">				<requirement name="CVarCompare" cvar="AS_Bladed_Lvl" operation="LT" value="100"/>				<requirement name="CVarCompare" cvar="AS_Bladed_XP" operation="GTE" value="@AS_Bladed_LvlNextTotal"/>				<requirement name="HoldingItemHasTags" tags="perkDeepCuts"/>				<triggered_effect trigger="onSelfDamagedOther" action="ModifyCVar" cvar="AS_Bladed_LvlNextAdd" operation="multiply" value="@AS_XP_Mult"/>				<triggered_effect trigger="onSelfDamagedOther" action="ModifyCVar" cvar="AS_Bladed_LvlNextTotal" operation="add" value="@AS_Bladed_LvlNextAdd"/>				<triggered_effect trigger="onSelfDamagedOther" action="ModifyCVar" cvar="AS_Bladed_Lvl" operation="add" value="1"/>				<triggered_effect trigger="onSelfDamagedOther" action="ShowToolbeltMessage" message="刀具熟练度等级提升"/>			</effect_group>			<effect_group>				<triggered_effect trigger="onPerkLevelChanged" action="ModifyCVar" cvar="AS_Bladed_XP" operation="add" value="@AS_Bladed_LvlNextAdd"/>				<triggered_effect trigger="onPerkLevelChanged" action="ModifyCVar" cvar="AS_Bladed_LvlNextAdd" operation="multiply" value="@AS_XP_Mult"/>				<triggered_effect trigger="onPerkLevelChanged" action="ModifyCVar" cvar="AS_Bladed_LvlNextTotal" operation="add" value="@AS_Bladed_LvlNextAdd"/>				<triggered_effect trigger="onPerkLevelChanged" action="ModifyCVar" cvar="AS_Bladed_Lvl_Perm" operation="add" value="1"/>				<triggered_effect trigger="onPerkLevelChanged" action="ShowToolbeltMessage" message="刀具熟练度等级提升"/>			</effect_group>		</perk>		<perk name="perkASElectric" parent="skillASWeapons" max_level="100" base_skill_point_cost="0" name_key="电棍" desc_key="每技能等级+0.3%伤害-0.3%耐力消耗" icon="ui_game_symbol_electric_power">			<effect_group>				<requirement name="HoldingItemHasTags" tags="perkElectrocutioner"/>				<passive_effect name="EntityDamage" operation="perc_add" value="0.003,0.3" level="1,100"/>				<passive_effect name="StaminaLoss" operation="perc_subtract" value="0.003,0.3" level="1,100"/>			</effect_group>			<effect_group name="AS Electric Lvl Increase">				<requirement name="CVarCompare" cvar="AS_Electric_Lvl" operation="LT" value="100"/>				<requirement name="CVarCompare" cvar="AS_Electric_XP" operation="GTE" value="@AS_Electric_LvlNextTotal"/>				<requirement name="HoldingItemHasTags" tags="perkElectrocutioner"/>				<triggered_effect trigger="onSelfDamagedOther" action="ModifyCVar" cvar="AS_Electric_LvlNextAdd" operation="multiply" value="@AS_XP_Mult"/>				<triggered_effect trigger="onSelfDamagedOther" action="ModifyCVar" cvar="AS_Electric_LvlNextTotal" operation="add" value="@AS_Electric_LvlNextAdd"/>				<triggered_effect trigger="onSelfDamagedOther" action="ModifyCVar" cvar="AS_Electric_Lvl" operation="add" value="1"/>				<triggered_effect trigger="onSelfDamagedOther" action="ShowToolbeltMessage" message="电棍熟练度等级提升"/>			</effect_group>			<effect_group>				<triggered_effect trigger="onPerkLevelChanged" action="ModifyCVar" cvar="AS_Electric_XP" operation="add" value="@AS_Electric_LvlNextAdd"/>				<triggered_effect trigger="onPerkLevelChanged" action="ModifyCVar" cvar="AS_Electric_LvlNextAdd" operation="multiply" value="@AS_XP_Mult"/>				<triggered_effect trigger="onPerkLevelChanged" action="ModifyCVar" cvar="AS_Electric_LvlNextTotal" operation="add" value="@AS_Electric_LvlNextAdd"/>				<triggered_effect trigger="onPerkLevelChanged" action="ModifyCVar" cvar="AS_Electric_Lvl_Perm" operation="add" value="1"/>				<triggered_effect trigger="onPerkLevelChanged" action="ShowToolbeltMessage" message="电棍熟练度等级提升"/>			</effect_group>		</perk>		<perk name="perkASTurret" parent="skillASWeapons" max_level="100" base_skill_point_cost="0" name_key="炮塔" desc_key="每技能等级+0.3%伤害+0.5%装弹速度，射速，准确度-0.5%后坐力" icon="ui_game_symbol_electric_turret">			<effect_group>				<requirement name="HoldingItemHasTags" tags="perkTurrets"/>				<passive_effect name="EntityDamage" operation="perc_add" value="0.003,0.3" level="1,100"/><!-- 方块伤害 -->				<passive_effect name="ReloadSpeedMultiplier" operation="perc_add" value="0.005,0.5" level="1,100"/><!-- 装弹速度 -->				<passive_effect name="SpreadDegreesVertical" operation="perc_subtract" value="0.005,0.5" level="1,100"/><!-- 垂直后坐力 -->				<passive_effect name="SpreadDegreesHorizontal" operation="perc_subtract" value="0.005,0.5" level="1,100"/><!-- 水平后坐力 -->				<passive_effect name="KickDegreesVerticalMin" operation="perc_subtract" value="0.005,0.5" level="1,100"/><!-- 最小垂直后坐力范围 -->				<passive_effect name="KickDegreesVerticalMax" operation="perc_subtract" value="0.005,0.5" level="1,100"/><!-- 最大垂直后坐力范围 -->				<passive_effect name="KickDegreesHorizontalMin" operation="perc_subtract" value="0.005,0.5" level="1,100"/><!-- 最小水平后坐力范围 -->				<passive_effect name="KickDegreesHorizontalMax" operation="perc_subtract" value="0.005,0.5" level="1,100"/><!-- 最大水平后坐力范围 -->				<passive_effect name="IncrementalSpreadMultiplier" operation="perc_subtract" value="0.005,0.5" level="1,100"/><!-- 射速 -->				<passive_effect name="WeaponHandling" operation="perc_add" value="0.005,0.5" level="1,100"/><!-- 准确度 -->			</effect_group>			<effect_group name="AS Turret Lvl Increase">				<requirement name="CVarCompare" cvar="AS_Turret_Lvl" operation="LT" value="100"/>				<requirement name="CVarCompare" cvar="AS_Turret_XP" operation="GTE" value="@AS_Turret_LvlNextTotal"/>				<requirement name="HoldingItemHasTags" tags="perkTurrets"/>				<triggered_effect trigger="onSelfDamagedOther" action="ModifyCVar" cvar="AS_Turret_LvlNextAdd" operation="multiply" value="@AS_XP_Mult"/>				<triggered_effect trigger="onSelfDamagedOther" action="ModifyCVar" cvar="AS_Turret_LvlNextTotal" operation="add" value="@AS_Turret_LvlNextAdd"/>				<triggered_effect trigger="onSelfDamagedOther" action="ModifyCVar" cvar="AS_Turret_Lvl" operation="add" value="1"/>				<triggered_effect trigger="onSelfDamagedOther" action="ShowToolbeltMessage" message="炮塔熟练度等级提升"/>			</effect_group>			<effect_group>				<triggered_effect trigger="onPerkLevelChanged" action="ModifyCVar" cvar="AS_Turret_XP" operation="add" value="@AS_Turret_LvlNextAdd"/>				<triggered_effect trigger="onPerkLevelChanged" action="ModifyCVar" cvar="AS_Turret_LvlNextAdd" operation="multiply" value="@AS_XP_Mult"/>				<triggered_effect trigger="onPerkLevelChanged" action="ModifyCVar" cvar="AS_Turret_LvlNextTotal" operation="add" value="@AS_Turret_LvlNextAdd"/>				<triggered_effect trigger="onPerkLevelChanged" action="ModifyCVar" cvar="AS_Turret_Lvl_Perm" operation="add" value="1"/>				<triggered_effect trigger="onPerkLevelChanged" action="ShowToolbeltMessage" message="炮塔熟练度等级提升"/>			</effect_group>		</perk>		<perk name="perkASJavelin" parent="skillASWeapons" max_level="100" base_skill_point_cost="0" name_key="矛类" desc_key="每技能等级+0.3%伤害-0.3%耐力消耗" icon="ui_game_symbol_spear">			<effect_group>				<requirement name="HoldingItemHasTags" tags="perkJavelinMaster"/>				<passive_effect name="EntityDamage" operation="perc_add" value="0.003,0.3" level="1,100"/>				<passive_effect name="StaminaLoss" operation="perc_subtract" value="0.003,0.3" level="1,100"/>			</effect_group>			<effect_group name="AS Javelin Lvl Increase">				<requirement name="CVarCompare" cvar="AS_Javelin_Lvl" operation="LT" value="100"/>				<requirement name="CVarCompare" cvar="AS_Javelin_XP" operation="GTE" value="@AS_Javelin_LvlNextTotal"/>				<requirement name="HoldingItemHasTags" tags="perkJavelinMaster"/>				<triggered_effect trigger="onSelfDamagedOther" action="ModifyCVar" cvar="AS_Javelin_LvlNextAdd" operation="multiply" value="@AS_XP_Mult"/>				<triggered_effect trigger="onSelfDamagedOther" action="ModifyCVar" cvar="AS_Javelin_LvlNextTotal" operation="add" value="@AS_Javelin_LvlNextAdd"/>				<triggered_effect trigger="onSelfDamagedOther" action="ModifyCVar" cvar="AS_Javelin_Lvl" operation="add" value="1"/>				<triggered_effect trigger="onSelfDamagedOther" action="ShowToolbeltMessage" message="矛类熟练度等级提升"/>			</effect_group>			<effect_group>				<triggered_effect trigger="onPerkLevelChanged" action="ModifyCVar" cvar="AS_Javelin_XP" operation="add" value="@AS_Javelin_LvlNextAdd"/>				<triggered_effect trigger="onPerkLevelChanged" action="ModifyCVar" cvar="AS_Javelin_LvlNextAdd" operation="multiply" value="@AS_XP_Mult"/>				<triggered_effect trigger="onPerkLevelChanged" action="ModifyCVar" cvar="AS_Javelin_LvlNextTotal" operation="add" value="@AS_Javelin_LvlNextAdd"/>				<triggered_effect trigger="onPerkLevelChanged" action="ModifyCVar" cvar="AS_Javelin_Lvl_Perm" operation="add" value="1"/>				<triggered_effect trigger="onPerkLevelChanged" action="ShowToolbeltMessage" message="矛类熟练度等级提升"/>			</effect_group>		</perk>		<perk name="perkASBrawler" parent="skillASWeapons" max_level="100" base_skill_point_cost="0" name_key="拳套" desc_key="每技能等级+0.3%伤害-0.3%耐力消耗" icon="ui_game_symbol_boxer">			<effect_group>				<requirement name="HoldingItemHasTags" tags="perkBrawler"/>				<passive_effect name="EntityDamage" operation="perc_add" value="0.003,0.3" level="1,100"/>				<passive_effect name="StaminaLoss" operation="perc_subtract" value="0.003,0.3" level="1,100"/>			</effect_group>			<effect_group name="AS Brawler Lvl Increase">				<requirement name="CVarCompare" cvar="AS_Brawler_Lvl" operation="LT" value="100"/>				<requirement name="CVarCompare" cvar="AS_Brawler_XP" operation="GTE" value="@AS_Brawler_LvlNextTotal"/>				<requirement name="HoldingItemHasTags" tags="perkBrawler"/>				<triggered_effect trigger="onSelfDamagedOther" action="ModifyCVar" cvar="AS_Brawler_LvlNextAdd" operation="multiply" value="@AS_XP_Mult"/>				<triggered_effect trigger="onSelfDamagedOther" action="ModifyCVar" cvar="AS_Brawler_LvlNextTotal" operation="add" value="@AS_Brawler_LvlNextAdd"/>				<triggered_effect trigger="onSelfDamagedOther" action="ModifyCVar" cvar="AS_Brawler_Lvl" operation="add" value="1"/>				<triggered_effect trigger="onSelfDamagedOther" action="ShowToolbeltMessage" message="拳套熟练度等级提升"/>			</effect_group>			<effect_group>				<triggered_effect trigger="onPerkLevelChanged" action="ModifyCVar" cvar="AS_Brawler_XP" operation="add" value="@AS_Brawler_LvlNextAdd"/>				<triggered_effect trigger="onPerkLevelChanged" action="ModifyCVar" cvar="AS_Brawler_LvlNextAdd" operation="multiply" value="@AS_XP_Mult"/>				<triggered_effect trigger="onPerkLevelChanged" action="ModifyCVar" cvar="AS_Brawler_LvlNextTotal" operation="add" value="@AS_Brawler_LvlNextAdd"/>				<triggered_effect trigger="onPerkLevelChanged" action="ModifyCVar" cvar="AS_Brawler_Lvl_Perm" operation="add" value="1"/>				<triggered_effect trigger="onPerkLevelChanged" action="ShowToolbeltMessage" message="拳套熟练度等级提升"/>			</effect_group>		</perk>		<perk name="perkASArchery" parent="skillASWeapons" max_level="100" base_skill_point_cost="0" name_key="弓箭" desc_key="每技能等级+0.3%伤害+0.5%准确度，装弹速度" icon="ui_game_symbol_archery">			<effect_group>				<requirement name="HoldingItemHasTags" tags="perkArchery"/>				<passive_effect name="EntityDamage" operation="perc_add" value="0.003,0.3" level="1,100"/>				<passive_effect name="ReloadSpeedMultiplier" operation="perc_add" value="0.005,0.5" level="1,100"/><!-- 装弹速度 -->				<passive_effect name="SpreadDegreesVertical" operation="perc_subtract" value="0.005,0.5" level="1,100"/><!-- 垂直后坐力 -->				<passive_effect name="SpreadDegreesHorizontal" operation="perc_subtract" value="0.005,0.5" level="1,100"/><!-- 水平后坐力 -->				<passive_effect name="WeaponHandling" operation="perc_add" value="0.005,0.5" level="1,100"/><!-- 准确度 -->			</effect_group>			<effect_group name="AS Archery Lvl Increase">				<requirement name="CVarCompare" cvar="AS_Archery_Lvl" operation="LT" value="100"/>				<requirement name="CVarCompare" cvar="AS_Archery_XP" operation="GTE" value="@AS_Archery_LvlNextTotal"/>				<requirement name="HoldingItemHasTags" tags="perkArchery"/>				<triggered_effect trigger="onSelfDamagedOther" action="ModifyCVar" cvar="AS_Archery_LvlNextAdd" operation="multiply" value="@AS_XP_Mult"/>				<triggered_effect trigger="onSelfDamagedOther" action="ModifyCVar" cvar="AS_Archery_LvlNextTotal" operation="add" value="@AS_Archery_LvlNextAdd"/>				<triggered_effect trigger="onSelfDamagedOther" action="ModifyCVar" cvar="AS_Archery_Lvl" operation="add" value="1"/>				<triggered_effect trigger="onSelfDamagedOther" action="ShowToolbeltMessage" message="弓箭熟练度等级提升"/>			</effect_group>			<effect_group>				<triggered_effect trigger="onPerkLevelChanged" action="ModifyCVar" cvar="AS_Archery_XP" operation="add" value="@AS_Archery_LvlNextAdd"/>				<triggered_effect trigger="onPerkLevelChanged" action="ModifyCVar" cvar="AS_Archery_LvlNextAdd" operation="multiply" value="@AS_XP_Mult"/>				<triggered_effect trigger="onPerkLevelChanged" action="ModifyCVar" cvar="AS_Archery_LvlNextTotal" operation="add" value="@AS_Archery_LvlNextAdd"/>				<triggered_effect trigger="onPerkLevelChanged" action="ModifyCVar" cvar="AS_Archery_Lvl_Perm" operation="add" value="1"/>				<triggered_effect trigger="onPerkLevelChanged" action="ShowToolbeltMessage" message="弓箭熟练度等级提升"/>			</effect_group>		</perk>		<perk name="perkASPistols" parent="skillASWeapons" max_level="100" base_skill_point_cost="0" name_key="手枪" desc_key="每技能等级+0.3%伤害+0.5%装弹速度，射速，准确度-0.5%后坐力" icon="ui_game_symbol_gunslinger">			<effect_group>				<requirement name="HoldingItemHasTags" tags="perkGunslinger"/>				<passive_effect name="EntityDamage" operation="perc_add" value="0.003,0.3" level="1,100"/>				<passive_effect name="ReloadSpeedMultiplier" operation="perc_add" value="0.005,0.5" level="1,100"/>				<passive_effect name="SpreadDegreesVertical" operation="perc_subtract" value="0.005,0.5" level="1,100"/>				<passive_effect name="SpreadDegreesHorizontal" operation="perc_subtract" value="0.005,0.5" level="1,100"/>				<passive_effect name="KickDegreesVerticalMin" operation="perc_subtract" value="0.005,0.5" level="1,100"/>				<passive_effect name="KickDegreesVerticalMax" operation="perc_subtract" value="0.005,0.5" level="1,100"/>				<passive_effect name="KickDegreesHorizontalMin" operation="perc_subtract" value="0.005,0.5" level="1,100"/>				<passive_effect name="KickDegreesHorizontalMax" operation="perc_subtract" value="0.005,0.5" level="1,100"/>				<passive_effect name="IncrementalSpreadMultiplier" operation="perc_subtract" value="0.005,0.5" level="1,100"/>				<passive_effect name="WeaponHandling" operation="perc_add" value="0.005,0.5" level="1,100"/>			</effect_group>			<effect_group name="AS Pistols Lvl Increase">				<requirement name="CVarCompare" cvar="AS_Pistols_Lvl" operation="LT" value="100"/>				<requirement name="CVarCompare" cvar="AS_Pistols_XP" operation="GTE" value="@AS_Pistols_LvlNextTotal"/>				<requirement name="HoldingItemHasTags" tags="perkGunslinger"/>				<triggered_effect trigger="onSelfDamagedOther" action="ModifyCVar" cvar="AS_Pistols_LvlNextAdd" operation="multiply" value="@AS_XP_Mult"/>				<triggered_effect trigger="onSelfDamagedOther" action="ModifyCVar" cvar="AS_Pistols_LvlNextTotal" operation="add" value="@AS_Pistols_LvlNextAdd"/>				<triggered_effect trigger="onSelfDamagedOther" action="ModifyCVar" cvar="AS_Pistols_Lvl" operation="add" value="1"/>				<triggered_effect trigger="onSelfDamagedOther" action="ShowToolbeltMessage" message="手枪熟练度等级提升"/>			</effect_group>			<effect_group>				<triggered_effect trigger="onPerkLevelChanged" action="ModifyCVar" cvar="AS_Pistols_XP" operation="add" value="@AS_Pistols_LvlNextAdd"/>				<triggered_effect trigger="onPerkLevelChanged" action="ModifyCVar" cvar="AS_Pistols_LvlNextAdd" operation="multiply" value="@AS_XP_Mult"/>				<triggered_effect trigger="onPerkLevelChanged" action="ModifyCVar" cvar="AS_Pistols_LvlNextTotal" operation="add" value="@AS_Pistols_LvlNextAdd"/>				<triggered_effect trigger="onPerkLevelChanged" action="ModifyCVar" cvar="AS_Pistols_Lvl_Perm" operation="add" value="1"/>				<triggered_effect trigger="onPerkLevelChanged" action="ShowToolbeltMessage" message="手枪熟练度等级提升"/>			</effect_group>		</perk>		<perk name="perkASShotguns" parent="skillASWeapons" max_level="100" base_skill_point_cost="0" name_key="霰弹枪" desc_key="每技能等级+0.3%伤害+0.5%装弹速度，射速，准确度-0.5%后坐力" icon="ui_game_symbol_shotgun">			<effect_group>				<requirement name="HoldingItemHasTags" tags="perkBoomstick"/>				<passive_effect name="EntityDamage" operation="perc_add" value="0.003,0.3" level="1,100"/>				<passive_effect name="ReloadSpeedMultiplier" operation="perc_add" value="0.005,0.5" level="1,100"/>				<passive_effect name="SpreadDegreesVertical" operation="perc_subtract" value="0.005,0.5" level="1,100"/>				<passive_effect name="SpreadDegreesHorizontal" operation="perc_subtract" value="0.005,0.5" level="1,100"/>				<passive_effect name="KickDegreesVerticalMin" operation="perc_subtract" value="0.005,0.5" level="1,100"/>				<passive_effect name="KickDegreesVerticalMax" operation="perc_subtract" value="0.005,0.5" level="1,100"/>				<passive_effect name="KickDegreesHorizontalMin" operation="perc_subtract" value="0.005,0.5" level="1,100"/>				<passive_effect name="KickDegreesHorizontalMax" operation="perc_subtract" value="0.005,0.5" level="1,100"/>				<passive_effect name="IncrementalSpreadMultiplier" operation="perc_subtract" value="0.005,0.5" level="1,100"/>				<passive_effect name="WeaponHandling" operation="perc_add" value="0.005,0.5" level="1,100"/>			</effect_group>			<effect_group name="AS Shotguns Lvl Increase">				<requirement name="CVarCompare" cvar="AS_Shotguns_Lvl" operation="LT" value="100"/>				<requirement name="CVarCompare" cvar="AS_Shotguns_XP" operation="GTE" value="@AS_Shotguns_LvlNextTotal"/>				<requirement name="HoldingItemHasTags" tags="perkBoomstick"/>				<triggered_effect trigger="onSelfKilledOther" action="ModifyCVar" cvar="AS_Shotguns_LvlNextAdd" operation="multiply" value="@AS_XP_Mult"/>				<triggered_effect trigger="onSelfKilledOther" action="ModifyCVar" cvar="AS_Shotguns_LvlNextTotal" operation="add" value="@AS_Shotguns_LvlNextAdd"/>				<triggered_effect trigger="onSelfKilledOther" action="ModifyCVar" cvar="AS_Shotguns_Lvl" operation="add" value="1"/>				<triggered_effect trigger="onSelfKilledOther" action="ShowToolbeltMessage" message="霰弹枪熟练度等级提升"/>			</effect_group>			<effect_group>				<triggered_effect trigger="onPerkLevelChanged" action="ModifyCVar" cvar="AS_Shotguns_XP" operation="add" value="@AS_Shotguns_LvlNextAdd"/>				<triggered_effect trigger="onPerkLevelChanged" action="ModifyCVar" cvar="AS_Shotguns_LvlNextAdd" operation="multiply" value="@AS_XP_Mult"/>				<triggered_effect trigger="onPerkLevelChanged" action="ModifyCVar" cvar="AS_Shotguns_LvlNextTotal" operation="add" value="@AS_Shotguns_LvlNextAdd"/>				<triggered_effect trigger="onPerkLevelChanged" action="ModifyCVar" cvar="AS_Shotguns_Lvl_Perm" operation="add" value="1"/>				<triggered_effect trigger="onPerkLevelChanged" action="ShowToolbeltMessage" message="霰弹枪熟练度等级提升"/>			</effect_group>		</perk>		<perk name="perkASRifles" parent="skillASWeapons" max_level="100" base_skill_point_cost="0" name_key="步枪" desc_key="每技能等级+0.3%伤害+0.5%装弹速度，射速，准确度-0.5%后坐力" icon="ui_game_symbol_map_cursor">			<effect_group>				<requirement name="HoldingItemHasTags" tags="perkDeadEye"/>				<passive_effect name="EntityDamage" operation="perc_add" value="0.003,0.3" level="1,100"/>				<passive_effect name="ReloadSpeedMultiplier" operation="perc_add" value="0.005,0.5" level="1,100"/>				<passive_effect name="SpreadDegreesVertical" operation="perc_subtract" value="0.005,0.5" level="1,100"/>				<passive_effect name="SpreadDegreesHorizontal" operation="perc_subtract" value="0.005,0.5" level="1,100"/>				<passive_effect name="KickDegreesVerticalMin" operation="perc_subtract" value="0.005,0.5" level="1,100"/>				<passive_effect name="KickDegreesVerticalMax" operation="perc_subtract" value="0.005,0.5" level="1,100"/>				<passive_effect name="KickDegreesHorizontalMin" operation="perc_subtract" value="0.005,0.5" level="1,100"/>				<passive_effect name="KickDegreesHorizontalMax" operation="perc_subtract" value="0.005,0.5" level="1,100"/>				<passive_effect name="IncrementalSpreadMultiplier" operation="perc_subtract" value="0.005,0.5" level="1,100"/>				<passive_effect name="WeaponHandling" operation="perc_add" value="0.005,0.5" level="1,100"/>			</effect_group>			<effect_group name="AS Rifles Lvl Increase">				<requirement name="CVarCompare" cvar="AS_Rifles_Lvl" operation="LT" value="100"/>				<requirement name="CVarCompare" cvar="AS_Rifles_XP" operation="GTE" value="@AS_Rifles_LvlNextTotal"/>				<requirement name="HoldingItemHasTags" tags="perkDeadEye"/>				<triggered_effect trigger="onSelfDamagedOther" action="ModifyCVar" cvar="AS_Rifles_LvlNextAdd" operation="multiply" value="@AS_XP_Mult"/>				<triggered_effect trigger="onSelfDamagedOther" action="ModifyCVar" cvar="AS_Rifles_LvlNextTotal" operation="add" value="@AS_Rifles_LvlNextAdd"/>				<triggered_effect trigger="onSelfDamagedOther" action="ModifyCVar" cvar="AS_Rifles_Lvl" operation="add" value="1"/>				<triggered_effect trigger="onSelfDamagedOther" action="ShowToolbeltMessage" message="步枪熟练度等级提升"/>			</effect_group>			<effect_group>				<triggered_effect trigger="onPerkLevelChanged" action="ModifyCVar" cvar="AS_Rifles_XP" operation="add" value="@AS_Rifles_LvlNextAdd"/>				<triggered_effect trigger="onPerkLevelChanged" action="ModifyCVar" cvar="AS_Rifles_LvlNextAdd" operation="multiply" value="@AS_XP_Mult"/>				<triggered_effect trigger="onPerkLevelChanged" action="ModifyCVar" cvar="AS_Rifles_LvlNextTotal" operation="add" value="@AS_Rifles_LvlNextAdd"/>				<triggered_effect trigger="onPerkLevelChanged" action="ModifyCVar" cvar="AS_Rifles_Lvl_Perm" operation="add" value="1"/>				<triggered_effect trigger="onPerkLevelChanged" action="ShowToolbeltMessage" message="步枪熟练度等级提升"/>			</effect_group>		</perk>		<perk name="perkASAutomatics" parent="skillASWeapons" max_level="100" base_skill_point_cost="0" name_key="自动武器" desc_key="每技能等级+0.3%伤害+0.5%装弹速度，射速，准确度-0.5%后坐力" icon="ui_game_symbol_rifle">			<effect_group>				<requirement name="HoldingItemHasTags" tags="perkMachineGunner"/>				<passive_effect name="EntityDamage" operation="perc_add" value="0.003,0.3" level="1,100"/>				<passive_effect name="ReloadSpeedMultiplier" operation="perc_add" value="0.005,0.5" level="1,100"/>				<passive_effect name="SpreadDegreesVertical" operation="perc_subtract" value="0.005,0.5" level="1,100"/>				<passive_effect name="SpreadDegreesHorizontal" operation="perc_subtract" value="0.005,0.5" level="1,100"/>				<passive_effect name="KickDegreesVerticalMin" operation="perc_subtract" value="0.005,0.5" level="1,100"/>				<passive_effect name="KickDegreesVerticalMax" operation="perc_subtract" value="0.005,0.5" level="1,100"/>				<passive_effect name="KickDegreesHorizontalMin" operation="perc_subtract" value="0.005,0.5" level="1,100"/>				<passive_effect name="KickDegreesHorizontalMax" operation="perc_subtract" value="0.005,0.5" level="1,100"/>				<passive_effect name="IncrementalSpreadMultiplier" operation="perc_subtract" value="0.005,0.5" level="1,100"/>				<passive_effect name="WeaponHandling" operation="perc_add" value="0.005,0.5" level="1,100"/>			</effect_group>			<effect_group name="AS Automatics Lvl Increase">				<requirement name="CVarCompare" cvar="AS_Automatics_Lvl" operation="LT" value="100"/>				<requirement name="CVarCompare" cvar="AS_Automatics_XP" operation="GTE" value="@AS_Automatics_LvlNextTotal"/>				<requirement name="HoldingItemHasTags" tags="perkMachineGunner"/>				<triggered_effect trigger="onSelfDamagedOther" action="ModifyCVar" cvar="AS_Automatics_LvlNextAdd" operation="multiply" value="@AS_XP_Mult"/>				<triggered_effect trigger="onSelfDamagedOther" action="ModifyCVar" cvar="AS_Automatics_LvlNextTotal" operation="add" value="@AS_Automatics_LvlNextAdd"/>				<triggered_effect trigger="onSelfDamagedOther" action="ModifyCVar" cvar="AS_Automatics_Lvl" operation="add" value="1"/>				<triggered_effect trigger="onSelfDamagedOther" action="ShowToolbeltMessage" message="自动武器熟练度等级提升"/>			</effect_group>			<effect_group>				<triggered_effect trigger="onPerkLevelChanged" action="ModifyCVar" cvar="AS_Automatics_XP" operation="add" value="@AS_Automatics_LvlNextAdd"/>				<triggered_effect trigger="onPerkLevelChanged" action="ModifyCVar" cvar="AS_Automatics_LvlNextAdd" operation="multiply" value="@AS_XP_Mult"/>				<triggered_effect trigger="onPerkLevelChanged" action="ModifyCVar" cvar="AS_Automatics_LvlNextTotal" operation="add" value="@AS_Automatics_LvlNextAdd"/>				<triggered_effect trigger="onPerkLevelChanged" action="ModifyCVar" cvar="AS_Automatics_Lvl_Perm" operation="add" value="1"/>				<triggered_effect trigger="onPerkLevelChanged" action="ShowToolbeltMessage" message="自动武器熟练度等级提升"/>			</effect_group>		</perk>	</append></JaxTeller718>