<SchematicCrafting>
		<append xpath="/items">
      <item name="resourceKnowledge">
        <property name="Class" value="ItemClassTorch"/>
        <property name="HandMeshfile" value="#@modfolder:Resources/knowlege.unity3d?Knowledge_X" />
        <property name="DropMeshfile" value="#@modfolder:Resources/knowlege.unity3d?Knowledge_X"/>
        <property name="Meshfile" value="#@modfolder:Resources/knowlege.unity3d?Knowledge_X" />
        <property name="CustomIcon" value="knowledge" />
        <property name="HoldType" value="21"/>
        <property name="Tags" value="learning"/>
        <property name="Material" value="MresourceKnowledge"/>
        <property name="Stacknumber" value="50"/> <!-- STK resource -->
        <property name="Weight" value="0.1"/>
        <property name="EconomicValue" value="0"/>
        <property name="EconomicBundleSize" value="10"/>
        <!-- <property class="Action1">
          <property name="Class" value="PlaceAsBlock"/>
          <property name="Delay" value=".5"/>
          <property name="Blockname" value="Knowledge"/>
        </property>
        <effect_group name="light/douse torch always" tiered="false">
          <triggered_effect trigger="onSelfWaterSurface" action="AttachParticleEffectToEntity" particle="p_candle_firstperson" local_offset="0,0,0" parent_transform="Gunjoint"/>
          <triggered_effect trigger="onSelfWaterSubmerge" action="RemoveParticleEffectFromEntity" particle="p_candle_firstperson" parent_transform="Gunjoint"/>
          <triggered_effect trigger="onSelfEquipStop" action="RemoveParticleEffectFromEntity" particle="p_candle_firstperson" parent_transform="Gunjoint"/>
          <triggered_effect trigger="onSelfDied" action="RemoveParticleEffectFromEntity" particle="p_candle_firstperson" parent_transform="Gunjoint"/>
        </effect_group>
        <effect_group name="light torch" tiered="false">
          <requirement name="CVarCompare" cvar="_underwater" operation="LT" value="1"/>
            <triggered_effect trigger="onSelfEnteredGame" action="AttachParticleEffectToEntity" particle="p_candle_firstperson" local_offset="0,0,0" parent_transform="Gunjoint"/>
            <triggered_effect trigger="onSelfHoldingItemCreated" action="AttachParticleEffectToEntity" particle="p_candle_firstperson" local_offset="0,0,0" parent_transform="Gunjoint"/>
            <triggered_effect trigger="onSelfSwimStop" action="AttachParticleEffectToEntity" particle="p_candle_firstperson" local_offset="0,0,0" parent_transform="Gunjoint"/>
        </effect_group> -->
        </item>    
  </append>
</SchematicCrafting>