<SchematicCrafting>
	<append xpath="/lootcontainers/lootgroup[@name='schematicsModsAndGeneralT0']">
        <item name="resourceKnowledge" count="1,5" loot_prob_template="low"/>
	</append>

    <append xpath="/lootcontainers/lootgroup[@name='booksAllScaled']">
        <item name="resourceKnowledge" count="1,5" loot_prob_template="low"/>
	</append>

    <append xpath="/lootcontainers/lootgroup[@name='groupJunk01']">
        <item name="resourceKnowledge" count="1,3" loot_prob_template="veryLow"/>
	</append>
  
    <append xpath="/lootcontainers/lootgroup[@name='groupMailbox01']">
        <item name="resourceKnowledge" count="1,3" loot_prob_template="low"/>
	</append>

    <append xpath="/lootcontainers/lootgroup[@name='perkBooksT0']">
        <item name="resourceKnowledge" count="1,3" loot_prob_template="low"/>
	</append>
</SchematicCrafting> 