<SchematicCrafting>
	<append xpath="/recipes" >
		<recipe name="meleeWpnClubT1BaseballBatSchematic" count="1">
			<ingredient name="resourcePaper" count="100"/>
			<ingredient name="resourceKnowledge" count="1"/>
		</recipe>

			<recipe name="meleeWpnSledgeT1IronSledgehammerSchematic" count="1">
			<ingredient name="resourcePaper" count="100"/>
			<ingredient name="resourceKnowledge" count="1"/>
		</recipe>

		<recipe name="meleeWpnSledgeT3SteelSledgehammerSchematic" count="1">
			<ingredient name="resourcePaper" count="100"/>
			<ingredient name="resourceKnowledge" count="3"/>
		</recipe>

		<recipe name="meleeWpnBladeT1HuntingKnifeSchematic" count="1">
			<ingredient name="resourcePaper" count="100"/>
			<ingredient name="resourceKnowledge" count="1"/>
		</recipe>

		<recipe name="meleeWpnBladeT3MacheteSchematic" count="1">
			<ingredient name="resourcePaper" count="100"/>
			<ingredient name="resourceKnowledge" count="3"/>
		</recipe>

		<recipe name="meleeWpnBatonT2StunBatonSchematic" count="1">
			<ingredient name="resourcePaper" count="100"/>
			<ingredient name="resourceKnowledge" count="2"/>
		</recipe>

		<recipe name="meleeToolIronSetSchematic" count="1">
			<ingredient name="resourcePaper" count="100"/>
			<ingredient name="resourceKnowledge" count="3"/>
		</recipe>

		<recipe name="meleeToolSteelSetSchematic" count="1">
			<ingredient name="resourcePaper" count="100"/>
			<ingredient name="resourceKnowledge" count="5"/>
		</recipe>

		<recipe name="meleeToolSalvageT1WrenchSchematic" count="1">
			<ingredient name="resourcePaper" count="100"/>
			<ingredient name="resourceKnowledge" count="1"/>
		</recipe>

		<recipe name="meleeToolSalvageT2RatchetSchematic" count="1">
			<ingredient name="resourcePaper" count="100"/>
			<ingredient name="resourceKnowledge" count="2"/>
		</recipe>

		<recipe name="meleeToolSalvageT3ImpactDriverSchematic" count="1">
			<ingredient name="resourcePaper" count="100"/>
			<ingredient name="resourceKnowledge" count="3"/>
		</recipe>

		<recipe name="meleeToolFarmT1IronHoeSchematic" count="1">
			<ingredient name="resourcePaper" count="100"/>
			<ingredient name="resourceKnowledge" count="1"/>
		</recipe>

		<recipe name="meleeToolPickT3AugerSchematic" count="1">
			<ingredient name="resourcePaper" count="100"/>
			<ingredient name="resourceKnowledge" count="3"/>
		</recipe>

		<recipe name="meleeToolAxeT3ChainsawSchematic" count="1">
			<ingredient name="resourcePaper" count="100"/>
			<ingredient name="resourceKnowledge" count="3"/>
		</recipe>

		<recipe name="meleeWpnSpearT1IronSpearSchematic" count="1">
			<ingredient name="resourcePaper" count="100"/>
			<ingredient name="resourceKnowledge" count="1"/>
		</recipe>

		<recipe name="meleeWpnKnucklesT1IronKnucklesSchematic" count="1">
			<ingredient name="resourcePaper" count="100"/>
			<ingredient name="resourceKnowledge" count="1"/>
		</recipe>

		<recipe name="meleeWpnKnucklesT3SteelKnucklesSchematic" count="1">
			<ingredient name="resourcePaper" count="100"/>
			<ingredient name="resourceKnowledge" count="3"/>
		</recipe>

		<recipe name="gunBowT1WoodenBowSchematic" count="1">
			<ingredient name="resourcePaper" count="100"/>
			<ingredient name="resourceKnowledge" count="1"/>
		</recipe>

		<recipe name="gunBowT3CompoundBowSchematic" count="1">
			<ingredient name="resourcePaper" count="100"/>
			<ingredient name="resourceKnowledge" count="3"/>
		</recipe>

		<recipe name="gunBowT1IronCrossbowSchematic" count="1">
			<ingredient name="resourcePaper" count="100"/>
			<ingredient name="resourceKnowledge" count="1"/>
		</recipe>

		<recipe name="gunBowT3CompoundCrossbowSchematic" count="1">
			<ingredient name="resourcePaper" count="100"/>
			<ingredient name="resourceKnowledge" count="3"/>
		</recipe>

		<recipe name="gunHandgunT1PistolSchematic" count="1">
			<ingredient name="resourcePaper" count="100"/>
			<ingredient name="resourceKnowledge" count="1"/>
		</recipe>

		<recipe name="gunHandgunT2Magnum44Schematic" count="1">
			<ingredient name="resourcePaper" count="100"/>
			<ingredient name="resourceKnowledge" count="3"/>
		</recipe>

		<recipe name="gunHandgunT3DesertVultureSchematic" count="1">
			<ingredient name="resourcePaper" count="100"/>
			<ingredient name="resourceKnowledge" count="5"/>
		</recipe>

		<recipe name="gunShotgunT1DoubleBarrelSchematic" count="1">
			<ingredient name="resourcePaper" count="100"/>
			<ingredient name="resourceKnowledge" count="1"/>
		</recipe>

		<recipe name="gunShotgunT2PumpShotgunSchematic" count="1">
			<ingredient name="resourcePaper" count="100"/>
			<ingredient name="resourceKnowledge" count="3"/>
		</recipe>

		<recipe name="gunShotgunT3AutoShotgunSchematic" count="1">
			<ingredient name="resourcePaper" count="100"/>
			<ingredient name="resourceKnowledge" count="5"/>
		</recipe>

		<recipe name="gunHandgunT3SMG5Schematic" count="1">
			<ingredient name="resourcePaper" count="100"/>
			<ingredient name="resourceKnowledge" count="5"/>
		</recipe>

		<recipe name="gunMGT1AK47Schematic" count="1">
			<ingredient name="resourcePaper" count="100"/>
			<ingredient name="resourceKnowledge" count="1"/>
		</recipe>

		<recipe name="gunMGT2TacticalARSchematic" count="1">
			<ingredient name="resourcePaper" count="100"/>
			<ingredient name="resourceKnowledge" count="3"/>
		</recipe>
		
		<recipe name="gunMGT3M60Schematic" count="1">
			<ingredient name="resourcePaper" count="100"/>
			<ingredient name="resourceKnowledge" count="5"/>
		</recipe>

		<recipe name="gunRifleT1HuntingRifleSchematic" count="1">
			<ingredient name="resourcePaper" count="100"/>
			<ingredient name="resourceKnowledge" count="1"/>
		</recipe>

		<recipe name="gunRifleT2LeverActionRifleSchematic" count="1">
			<ingredient name="resourcePaper" count="100"/>
			<ingredient name="resourceKnowledge" count="3"/>
		</recipe>

		<recipe name="gunRifleT3SniperRifleSchematic" count="1">
			<ingredient name="resourcePaper" count="100"/>
			<ingredient name="resourceKnowledge" count="5"/>
		</recipe>

		<recipe name="gunExplosivesT3RocketLauncherSchematic" count="1">
			<ingredient name="resourcePaper" count="100"/>
			<ingredient name="resourceKnowledge" count="5"/>
		</recipe>

		<recipe name="gunBotT1JunkSledgeSchematic" count="1">
			<ingredient name="resourcePaper" count="100"/>
			<ingredient name="resourceKnowledge" count="1"/>
		</recipe>

		<recipe name="gunBotT2JunkTurretSchematic" count="1">
			<ingredient name="resourcePaper" count="100"/>
			<ingredient name="resourceKnowledge" count="3"/>
		</recipe>

		<recipe name="gunBotT3JunkDroneSchematic" count="1">
			<ingredient name="resourcePaper" count="100"/>
			<ingredient name="resourceKnowledge" count="3"/>
		</recipe>

		<recipe name="armorLeatherSetSchematic" count="1">
			<ingredient name="resourcePaper" count="100"/>
			<ingredient name="resourceKnowledge" count="3"/>
		</recipe>

		<recipe name="armorMilitarySetSchematic" count="1">
			<ingredient name="resourcePaper" count="100"/>
			<ingredient name="resourceKnowledge" count="6"/>
		</recipe>

		<recipe name="resourceMilitaryFiberSchematic" count="1">
			<ingredient name="resourcePaper" count="100"/>
			<ingredient name="resourceKnowledge" count="3"/>
		</recipe>

		<recipe name="armorIronSetSchematic" count="1">
			<ingredient name="resourcePaper" count="100"/>
			<ingredient name="resourceKnowledge" count="4"/>
		</recipe>

		<recipe name="armorSteelSetSchematic" count="1">
			<ingredient name="resourcePaper" count="100"/>
			<ingredient name="resourceKnowledge" count="5"/>
		</recipe>

		<recipe name="thrownAmmoPipeBombSchematic" count="1">
			<ingredient name="resourcePaper" count="100"/>
			<ingredient name="resourceKnowledge" count="2"/>
		</recipe>

		<recipe name="thrownGrenadeContactSchematic" count="1">
			<ingredient name="resourcePaper" count="100"/>
			<ingredient name="resourceKnowledge" count="3"/>
		</recipe>

		<recipe name="thrownGrenadeSchematic" count="1">
			<ingredient name="resourcePaper" count="100"/>
			<ingredient name="resourceKnowledge" count="3"/>
		</recipe>

		<recipe name="thrownDynamiteSchematic" count="1">
			<ingredient name="resourcePaper" count="100"/>
			<ingredient name="resourceKnowledge" count="2"/>
		</recipe>

		<recipe name="meleeToolRepairT3NailgunSchematic" count="1">
			<ingredient name="resourcePaper" count="100"/>
			<ingredient name="resourceKnowledge" count="3"/>
		</recipe>

		<recipe name="medicalFirstAidBandageSchematic" count="1">
			<ingredient name="resourcePaper" count="100"/>
			<ingredient name="resourceKnowledge" count="1"/>
		</recipe>

		<recipe name="medicalFirstAidKitSchematic" count="1">
			<ingredient name="resourcePaper" count="100"/>
			<ingredient name="resourceKnowledge" count="2"/>
		</recipe>

		<recipe name="medicalPlasterCastSchematic" count="1">
			<ingredient name="resourcePaper" count="100"/>
			<ingredient name="resourceKnowledge" count="1"/>
		</recipe>

		<recipe name="toolBellowsSchematic" count="1">
			<ingredient name="resourcePaper" count="100"/>
			<ingredient name="resourceKnowledge" count="1"/>
		</recipe>

		<recipe name="toolForgeCrucibleSchematic" count="1">
			<ingredient name="resourcePaper" count="100"/>
			<ingredient name="resourceKnowledge" count="2"/>
		</recipe>

		<recipe name="toolAnvilSchematic" count="1">
			<ingredient name="resourcePaper" count="100"/>
			<ingredient name="resourceKnowledge" count="1"/>
		</recipe>

		<recipe name="cementMixerSchematic" count="1">
			<ingredient name="resourcePaper" count="100"/>
			<ingredient name="resourceKnowledge" count="3"/>
		</recipe>

		<recipe name="workbenchSchematic" count="1">
			<ingredient name="resourcePaper" count="100"/>
			<ingredient name="resourceKnowledge" count="3"/>
		</recipe>

		<recipe name="forgeSchematic" count="1">
			<ingredient name="resourcePaper" count="100"/>
			<ingredient name="resourceKnowledge" count="1"/>
		</recipe>

		<recipe name="chemistryStationSchematic" count="1">
			<ingredient name="resourcePaper" count="100"/>
			<ingredient name="resourceKnowledge" count="3"/>
		</recipe>

		<recipe name="vehicleBicycleChassisSchematic" count="1">
			<ingredient name="resourcePaper" count="100"/>
			<ingredient name="resourceKnowledge" count="1"/>
		</recipe>

		<recipe name="vehicleBicycleHandlebarsSchematic" count="1">
			<ingredient name="resourcePaper" count="100"/>
			<ingredient name="resourceKnowledge" count="3"/>
		</recipe>

		<recipe name="vehicleMinibikeChassisSchematic" count="1">
			<ingredient name="resourcePaper" count="100"/>
			<ingredient name="resourceKnowledge" count="3"/>
		</recipe>

		<recipe name="vehicleMinibikeHandlebarsSchematic" count="1">
			<ingredient name="resourcePaper" count="100"/>
			<ingredient name="resourceKnowledge" count="3"/>
		</recipe>

		<recipe name="vehicleMotorcycleChassisSchematic" count="1">
			<ingredient name="resourcePaper" count="100"/>
			<ingredient name="resourceKnowledge" count="3"/>
		</recipe>

		<recipe name="vehicleMotorcycleHandlebarsSchematic" count="1">
			<ingredient name="resourcePaper" count="100"/>
			<ingredient name="resourceKnowledge" count="3"/>
		</recipe>

		<recipe name="vehicle4x4TruckChassisSchematic" count="1">
			<ingredient name="resourcePaper" count="100"/>
			<ingredient name="resourceKnowledge" count="4"/>
		</recipe>

		<recipe name="vehicle4x4TruckAccessoriesSchematic" count="1">
			<ingredient name="resourcePaper" count="100"/>
			<ingredient name="resourceKnowledge" count="4"/>
		</recipe>

		<recipe name="vehicleGyroCopterChassisSchematic" count="1">
			<ingredient name="resourcePaper" count="100"/>
			<ingredient name="resourceKnowledge" count="5"/>
		</recipe>

		<recipe name="vehicleGyroCopterAccessoriesSchematic" count="1">
			<ingredient name="resourcePaper" count="100"/>
			<ingredient name="resourceKnowledge" count="5"/>
		</recipe>

		<recipe name="generatorbankSchematic" count="1">
			<ingredient name="resourcePaper" count="100"/>
			<ingredient name="resourceKnowledge" count="4"/>
		</recipe>

		<recipe name="pressureplateSchematic" count="1">
			<ingredient name="resourcePaper" count="100"/>
			<ingredient name="resourceKnowledge" count="2"/>
		</recipe>

		<recipe name="poweredDoorsSchematic" count="1">
			<ingredient name="resourcePaper" count="100"/>
			<ingredient name="resourceKnowledge" count="2"/>
		</recipe>

		<recipe name="bladeTrapSchematic" count="1">
			<ingredient name="resourcePaper" count="100"/>
			<ingredient name="resourceKnowledge" count="3"/>
		</recipe>

		<recipe name="shotgunTurretSchematic" count="1">
			<ingredient name="resourcePaper" count="100"/>
			<ingredient name="resourceKnowledge" count="4"/>
		</recipe>

		<recipe name="dartTrapSchematic" count="1">
			<ingredient name="resourcePaper" count="100"/>
			<ingredient name="resourceKnowledge" count="1"/>
		</recipe>

		<recipe name="autoTurretSchematic" count="1">
			<ingredient name="resourcePaper" count="100"/>
			<ingredient name="resourceKnowledge" count="4"/>
		</recipe>

		<recipe name="electricfencepostSchematic" count="1">
			<ingredient name="resourcePaper" count="100"/>
			<ingredient name="resourceKnowledge" count="2"/>
		</recipe>

		<recipe name="motionsensorSchematic" count="1">
			<ingredient name="resourcePaper" count="100"/>
			<ingredient name="resourceKnowledge" count="2"/>
		</recipe>

		<recipe name="speakerSchematic" count="1">
			<ingredient name="resourcePaper" count="100"/>
			<ingredient name="resourceKnowledge" count="1"/>
		</recipe>

		<recipe name="spotlightPlayerSchematic" count="1">
			<ingredient name="resourcePaper" count="100"/>
			<ingredient name="resourceKnowledge" count="1"/>
		</recipe>

		<recipe name="switchSchematic" count="1">
			<ingredient name="resourcePaper" count="100"/>
			<ingredient name="resourceKnowledge" count="1"/>
		</recipe>

		<recipe name="batterybankSchematic" count="1">
			<ingredient name="resourcePaper" count="100"/>
			<ingredient name="resourceKnowledge" count="3"/>
		</recipe>

		<recipe name="electrictimerrelaySchematic" count="1">
			<ingredient name="resourcePaper" count="100"/>
			<ingredient name="resourceKnowledge" count="1"/>
		</recipe>

		<recipe name="modGunBarrelExtenderSchematic" count="1">
			<ingredient name="resourcePaper" count="100"/>
			<ingredient name="resourceKnowledge" count="3"/>
		</recipe>

		<recipe name="modGunMuzzleBrakeSchematic" count="1">
			<ingredient name="resourcePaper" count="100"/>
			<ingredient name="resourceKnowledge" count="3"/>
		</recipe>

		<recipe name="modGunSoundSuppressorSilencerSchematic" count="1">
			<ingredient name="resourcePaper" count="100"/>
			<ingredient name="resourceKnowledge" count="5"/>
		</recipe>

		<recipe name="modGunLaserSightSchematic" count="1">
			<ingredient name="resourcePaper" count="100"/>
			<ingredient name="resourceKnowledge" count="4"/>
		</recipe>

		<recipe name="modGunFlashlightSchematic" count="1">
			<ingredient name="resourcePaper" count="100"/>
			<ingredient name="resourceKnowledge" count="3"/>
		</recipe>

		<recipe name="modGunScopeSmallSchematic" count="1">
			<ingredient name="resourcePaper" count="100"/>
			<ingredient name="resourceKnowledge" count="1"/>
		</recipe>

		<recipe name="modGunScopeMediumSchematic" count="1">
			<ingredient name="resourcePaper" count="100"/>
			<ingredient name="resourceKnowledge" count="2"/>
		</recipe>

		<recipe name="modGunScopeLargeSchematic" count="1">
			<ingredient name="resourcePaper" count="100"/>
			<ingredient name="resourceKnowledge" count="3"/>
		</recipe>

		<recipe name="modGunReflexSightSchematic" count="1">
			<ingredient name="resourcePaper" count="100"/>
			<ingredient name="resourceKnowledge" count="3"/>
		</recipe>

		<recipe name="modGunTriggerGroupSemiSchematic" count="1">
			<ingredient name="resourcePaper" count="100"/>
			<ingredient name="resourceKnowledge" count="3"/>
		</recipe>

		<recipe name="modGunTriggerGroupBurst3Schematic" count="1">
			<ingredient name="resourcePaper" count="100"/>
			<ingredient name="resourceKnowledge" count="5"/>
		</recipe>

		<recipe name="modGunTriggerGroupAutomaticSchematic" count="1">
			<ingredient name="resourcePaper" count="100"/>
			<ingredient name="resourceKnowledge" count="4"/>
		</recipe>

		<recipe name="modGunBipodSchematic" count="1">
			<ingredient name="resourcePaper" count="100"/>
			<ingredient name="resourceKnowledge" count="2"/>
		</recipe>

		<recipe name="modGunForegripSchematic" count="1">
			<ingredient name="resourcePaper" count="100"/>
			<ingredient name="resourceKnowledge" count="3"/>
		</recipe>

		<recipe name="modGunRetractingStockSchematic" count="1">
			<ingredient name="resourcePaper" count="100"/>
			<ingredient name="resourceKnowledge" count="3"/>
		</recipe>

		<recipe name="modGunDuckbillSchematic" count="1">
			<ingredient name="resourcePaper" count="100"/>
			<ingredient name="resourceKnowledge" count="3"/>
		</recipe>

		<recipe name="modGunChokeSchematic" count="1">
			<ingredient name="resourcePaper" count="100"/>
			<ingredient name="resourceKnowledge" count="2"/>
		</recipe>

		<recipe name="modGunMagazineExtenderSchematic" count="1">
			<ingredient name="resourcePaper" count="100"/>
			<ingredient name="resourceKnowledge" count="2"/>
		</recipe>

		<recipe name="modShotgunSawedOffBarrelSchematic" count="1">
			<ingredient name="resourcePaper" count="100"/>
			<ingredient name="resourceKnowledge" count="1"/>
		</recipe>

		<recipe name="modGunCrippleEmSchematic" count="1">
			<ingredient name="resourcePaper" count="100"/>
			<ingredient name="resourceKnowledge" count="1"/>
		</recipe>

		<recipe name="modGunBowPolymerStringSchematic" count="1">
			<ingredient name="resourcePaper" count="100"/>
			<ingredient name="resourceKnowledge" count="2"/>
		</recipe>

		<recipe name="modGunBowArrowRestSchematic" count="1">
			<ingredient name="resourcePaper" count="100"/>
			<ingredient name="resourceKnowledge" count="2"/>
		</recipe>

		<recipe name="modGunMeleeTheHunterSchematic" count="1">
			<ingredient name="resourcePaper" count="100"/>
			<ingredient name="resourceKnowledge" count="1"/>
		</recipe>

		<recipe name="modGunMeleeRadRemoverSchematic" count="1">
			<ingredient name="resourcePaper" count="100"/>
			<ingredient name="resourceKnowledge" count="1"/>
		</recipe>

		<recipe name="modGunMeleeBlessedMetalSchematic" count="1">
			<ingredient name="resourcePaper" count="100"/>
			<ingredient name="resourceKnowledge" count="1"/>
		</recipe>

		<recipe name="modMeleeTemperedBladeSchematic" count="1">
			<ingredient name="resourcePaper" count="100"/>
			<ingredient name="resourceKnowledge" count="1"/>
		</recipe>

		<recipe name="modMeleeSerratedBladeSchematic" count="1">
			<ingredient name="resourcePaper" count="100"/>
			<ingredient name="resourceKnowledge" count="1"/>
		</recipe>

		<recipe name="modMeleeWeightedHeadSchematic" count="1">
			<ingredient name="resourcePaper" count="100"/>
			<ingredient name="resourceKnowledge" count="1"/>
		</recipe>

		<recipe name="modMeleeStructuralBraceSchematic" count="1">
			<ingredient name="resourcePaper" count="100"/>
			<ingredient name="resourceKnowledge" count="1"/>
		</recipe>

		<recipe name="modMeleeErgonomicGripSchematic" count="1">
			<ingredient name="resourcePaper" count="100"/>
			<ingredient name="resourceKnowledge" count="1"/>
		</recipe>

		<recipe name="modMeleeFortifyingGripSchematic" count="1">
			<ingredient name="resourcePaper" count="100"/>
			<ingredient name="resourceKnowledge" count="1"/>
		</recipe>

		<recipe name="modMeleeClubBarbedWireSchematic" count="1">
			<ingredient name="resourcePaper" count="100"/>
			<ingredient name="resourceKnowledge" count="1"/>
		</recipe>

		<recipe name="modMeleeClubMetalSpikesSchematic" count="1">
			<ingredient name="resourcePaper" count="100"/>
			<ingredient name="resourceKnowledge" count="1"/>
		</recipe>

		<recipe name="modMeleeGraveDiggerSchematic" count="1">
			<ingredient name="resourcePaper" count="100"/>
			<ingredient name="resourceKnowledge" count="1"/>
		</recipe>

		<recipe name="modMeleeBunkerBusterSchematic" count="1">
			<ingredient name="resourcePaper" count="100"/>
			<ingredient name="resourceKnowledge" count="1"/>
		</recipe>

		<recipe name="modMeleeIronBreakerSchematic" count="1">
			<ingredient name="resourcePaper" count="100"/>
			<ingredient name="resourceKnowledge" count="1"/>
		</recipe>

		<recipe name="modMeleeWoodSplitterSchematic" count="1">
			<ingredient name="resourcePaper" count="100"/>
			<ingredient name="resourceKnowledge" count="1"/>
		</recipe>

		<recipe name="modMeleeClubBurningShaftSchematic" count="1">
			<ingredient name="resourcePaper" count="100"/>
			<ingredient name="resourceKnowledge" count="1"/>
		</recipe>

		<recipe name="modArmorInsulatedLinerSchematic" count="1">
			<ingredient name="resourcePaper" count="100"/>
			<ingredient name="resourceKnowledge" count="1"/>
		</recipe>

		<recipe name="modArmorCoolingMeshSchematic" count="1">
			<ingredient name="resourcePaper" count="100"/>
			<ingredient name="resourceKnowledge" count="1"/>
		</recipe>

		<recipe name="modArmorImprovedFittingsSchematic" count="1">
			<ingredient name="resourcePaper" count="100"/>
			<ingredient name="resourceKnowledge" count="1"/>
		</recipe>

		<recipe name="modArmorCustomizedFittingsSchematic" count="1">
			<ingredient name="resourcePaper" count="100"/>
			<ingredient name="resourceKnowledge" count="1"/>
		</recipe>

		<recipe name="modArmorPlatingBasicSchematic" count="1">
			<ingredient name="resourcePaper" count="100"/>
			<ingredient name="resourceKnowledge" count="1"/>
		</recipe>

		<recipe name="modArmorPlatingReinforcedSchematic" count="1">
			<ingredient name="resourcePaper" count="100"/>
			<ingredient name="resourceKnowledge" count="1"/>
		</recipe>

		<recipe name="modArmorStoragePocketSchematic" count="1">
			<ingredient name="resourcePaper" count="100"/>
			<ingredient name="resourceKnowledge" count="2"/>
		</recipe>

		<recipe name="modArmorDoubleStoragePocketSchematic" count="1">
			<ingredient name="resourcePaper" count="100"/>
			<ingredient name="resourceKnowledge" count="3"/>
		</recipe>

		<recipe name="modArmorTripleStoragePocketSchematic" count="1">
			<ingredient name="resourcePaper" count="100"/>
			<ingredient name="resourceKnowledge" count="4"/>
		</recipe>

		<recipe name="modArmorMuffledConnectorsSchematic" count="1">
			<ingredient name="resourcePaper" count="100"/>
			<ingredient name="resourceKnowledge" count="1"/>
		</recipe>

		<recipe name="modArmorAdvancedMuffledConnectorsSchematic" count="1">
			<ingredient name="resourcePaper" count="100"/>
			<ingredient name="resourceKnowledge" count="2"/>
		</recipe>

		<recipe name="modArmorImpactBracingSchematic" count="1">
			<ingredient name="resourcePaper" count="100"/>
			<ingredient name="resourceKnowledge" count="1"/>
		</recipe>

		<recipe name="modArmorBandolierSchematic" count="1">
			<ingredient name="resourcePaper" count="100"/>
			<ingredient name="resourceKnowledge" count="1"/>
		</recipe>

		<recipe name="modArmorWaterPurifierSchematic" count="1">
			<ingredient name="resourcePaper" count="100"/>
			<ingredient name="resourceKnowledge" count="2"/>
		</recipe>

		<recipe name="modArmorHelmetLightSchematic" count="1">
			<ingredient name="resourcePaper" count="100"/>
			<ingredient name="resourceKnowledge" count="2"/>
		</recipe>

		<recipe name="modFuelTankSmallSchematic" count="1">
			<ingredient name="resourcePaper" count="100"/>
			<ingredient name="resourceKnowledge" count="1"/>
		</recipe>

		<recipe name="modFuelTankLargeSchematic" count="1">
			<ingredient name="resourcePaper" count="100"/>
			<ingredient name="resourceKnowledge" count="2"/>
		</recipe>

		<recipe name="modRoboticDroneCargoModSchematic" count="1">
			<ingredient name="resourcePaper" count="100"/>
			<ingredient name="resourceKnowledge" count="5"/>
		</recipe>

		<recipe name="modRoboticDroneMedicModSchematic" count="1">
			<ingredient name="resourcePaper" count="100"/>
			<ingredient name="resourceKnowledge" count="5"/>
		</recipe>

		<recipe name="modRoboticDroneHeadlampModSchematic" count="1">
			<ingredient name="resourcePaper" count="100"/>
			<ingredient name="resourceKnowledge" count="5"/>
		</recipe>

		<recipe name="modRoboticDroneArmorPlatingModSchematic" count="1">
			<ingredient name="resourcePaper" count="100"/>
			<ingredient name="resourceKnowledge" count="5"/>
		</recipe>

		<recipe name="modRoboticDroneMoraleBoosterModSchematic" count="1">
			<ingredient name="resourcePaper" count="100"/>
			<ingredient name="resourceKnowledge" count="5"/>
		</recipe>

		<recipe name="modVehicleFuelSaverSchematic" count="1">
			<ingredient name="resourcePaper" count="100"/>
			<ingredient name="resourceKnowledge" count="2"/>
		</recipe>

		<recipe name="modVehicleOffRoadHeadlightsSchematic" count="1">
			<ingredient name="resourcePaper" count="100"/>
			<ingredient name="resourceKnowledge" count="2"/>
		</recipe>

		<recipe name="modVehicleSuperChargerSchematic" count="1">
			<ingredient name="resourcePaper" count="100"/>
			<ingredient name="resourceKnowledge" count="2"/>
		</recipe>

		<recipe name="modVehicleExpandedSeatSchematic" count="1">
			<ingredient name="resourcePaper" count="100"/>
			<ingredient name="resourceKnowledge" count="2"/>
		</recipe>

		<recipe name="modVehicleReserveFuelTankSchematic" count="1">
			<ingredient name="resourcePaper" count="100"/>
			<ingredient name="resourceKnowledge" count="2"/>
		</recipe>

		<recipe name="ammoGasCanSchematic" count="1">
			<ingredient name="resourcePaper" count="100"/>
			<ingredient name="resourceKnowledge" count="1"/>
		</recipe>

		<recipe name="resourceOilSchematic" count="1">
			<ingredient name="resourcePaper" count="100"/>
			<ingredient name="resourceKnowledge" count="1"/>
		</recipe>

		<recipe name="drugAntibioticsSchematic" count="1">
			<ingredient name="resourcePaper" count="100"/>
			<ingredient name="resourceKnowledge" count="3"/>
		</recipe>

		<recipe name="drugHerbalAntibioticsSchematic" count="1">
			<ingredient name="resourcePaper" count="100"/>
			<ingredient name="resourceKnowledge" count="2"/>
		</recipe>

		<recipe name="foodCanShamSchematic" count="1">
			<ingredient name="resourcePaper" count="100"/>
			<ingredient name="resourceKnowledge" count="1"/>
		</recipe>

		<recipe name="drinkJarBeerSchematic" count="1">
			<ingredient name="resourcePaper" count="100"/>
			<ingredient name="resourceKnowledge" count="1"/>
		</recipe>

		<recipe name="drinkJarCoffeeSchematic" count="1">
			<ingredient name="resourcePaper" count="100"/>
			<ingredient name="resourceKnowledge" count="1"/>
		</recipe>

		<recipe name="drinkJarGoldenRodTeaSchematic" count="1">
			<ingredient name="resourcePaper" count="100"/>
			<ingredient name="resourceKnowledge" count="1"/>
		</recipe>

		<recipe name="drinkJarGrandpasAwesomeSauceSchematic" count="1">
			<ingredient name="resourcePaper" count="100"/>
			<ingredient name="resourceKnowledge" count="4"/>
		</recipe>

		<recipe name="drinkJarGrandpasLearningElixirSchematic" count="1">
			<ingredient name="resourcePaper" count="100"/>
			<ingredient name="resourceKnowledge" count="4"/>
		</recipe>

		<recipe name="drinkJarGrandpasMoonshineSchematic" count="1">
			<ingredient name="resourcePaper" count="100"/>
			<ingredient name="resourceKnowledge" count="4"/>
		</recipe>

		<recipe name="drinkJarRedTeaSchematic" count="1">
			<ingredient name="resourcePaper" count="100"/>
			<ingredient name="resourceKnowledge" count="1"/>
		</recipe>

		<recipe name="drinkYuccaJuiceSmoothieSchematic" count="1">
			<ingredient name="resourcePaper" count="100"/>
			<ingredient name="resourceKnowledge" count="1"/>
		</recipe>

		<recipe name="foodBaconAndEggsSchematic" count="1">
			<ingredient name="resourcePaper" count="100"/>
			<ingredient name="resourceKnowledge" count="1"/>
		</recipe>

		<recipe name="foodBakedPotatoSchematic" count="1">
			<ingredient name="resourcePaper" count="100"/>
			<ingredient name="resourceKnowledge" count="1"/>
		</recipe>

		<recipe name="foodBlueberryPieSchematic" count="1">
			<ingredient name="resourcePaper" count="100"/>
			<ingredient name="resourceKnowledge" count="2"/>
		</recipe>

		<recipe name="foodPumpkinPieSchematic" count="1">
			<ingredient name="resourcePaper" count="100"/>
			<ingredient name="resourceKnowledge" count="2"/>
		</recipe>

		<recipe name="foodPumpkinCheesecakeSchematic" count="1">
			<ingredient name="resourcePaper" count="100"/>
			<ingredient name="resourceKnowledge" count="3"/>
		</recipe>

		<recipe name="foodPumpkinBreadSchematic" count="1">
			<ingredient name="resourcePaper" count="100"/>
			<ingredient name="resourceKnowledge" count="1"/>
		</recipe>

		<recipe name="foodGumboStewSchematic" count="1">
			<ingredient name="resourcePaper" count="100"/>
			<ingredient name="resourceKnowledge" count="3"/>
		</recipe>

		<recipe name="foodShepardsPieSchematic" count="1">
			<ingredient name="resourcePaper" count="100"/>
			<ingredient name="resourceKnowledge" count="3"/>
		</recipe>

		<recipe name="foodSpaghettiSchematic" count="1">
			<ingredient name="resourcePaper" count="100"/>
			<ingredient name="resourceKnowledge" count="3"/>
		</recipe>

		<recipe name="foodTunaFishGravyToastSchematic" count="1">
			<ingredient name="resourcePaper" count="100"/>
			<ingredient name="resourceKnowledge" count="3"/>
		</recipe>

		<recipe name="foodBoiledMeatSchematic" count="1">
			<ingredient name="resourcePaper" count="100"/>
			<ingredient name="resourceKnowledge" count="1"/>
		</recipe>

		<recipe name="foodChiliDogSchematic" count="1">
			<ingredient name="resourcePaper" count="100"/>
			<ingredient name="resourceKnowledge" count="1"/>
		</recipe>

		<recipe name="foodCornBreadSchematic" count="1">
			<ingredient name="resourcePaper" count="100"/>
			<ingredient name="resourceKnowledge" count="1"/>
		</recipe>

		<recipe name="foodCornOnTheCobSchematic" count="1">
			<ingredient name="resourcePaper" count="100"/>
			<ingredient name="resourceKnowledge" count="1"/>
		</recipe>

		<recipe name="foodFishTacosSchematic" count="1">
			<ingredient name="resourcePaper" count="100"/>
			<ingredient name="resourceKnowledge" count="2"/>
		</recipe>

		<recipe name="foodGrilledMeatSchematic" count="1">
			<ingredient name="resourcePaper" count="100"/>
			<ingredient name="resourceKnowledge" count="1"/>
		</recipe>

		<recipe name="foodHoboStewSchematic" count="1">
			<ingredient name="resourcePaper" count="100"/>
			<ingredient name="resourceKnowledge" count="3"/>
		</recipe>

		<recipe name="foodMeatStewSchematic" count="1">
			<ingredient name="resourcePaper" count="100"/>
			<ingredient name="resourceKnowledge" count="3"/>
		</recipe>

		<recipe name="foodShamChowderSchematic" count="1">
			<ingredient name="resourcePaper" count="100"/>
			<ingredient name="resourceKnowledge" count="2"/>
		</recipe>

		<recipe name="foodSteakAndPotatoSchematic" count="1">
			<ingredient name="resourcePaper" count="100"/>
			<ingredient name="resourceKnowledge" count="2"/>
		</recipe>

		<recipe name="foodVegetableStewSchematic" count="1">
			<ingredient name="resourcePaper" count="100"/>
			<ingredient name="resourceKnowledge" count="2"/>
		</recipe>

		<recipe name="plantedAloe1Schematic" count="1">
			<ingredient name="resourcePaper" count="100"/>
			<ingredient name="resourceKnowledge" count="2"/>
		</recipe>

		<recipe name="plantedBlueberry1Schematic" count="1">
			<ingredient name="resourcePaper" count="100"/>
			<ingredient name="resourceKnowledge" count="2"/>
		</recipe>

		<recipe name="plantedChrysanthemum1Schematic" count="1">
			<ingredient name="resourcePaper" count="100"/>
			<ingredient name="resourceKnowledge" count="2"/>
		</recipe>

		<recipe name="plantedCoffee1Schematic" count="1">
			<ingredient name="resourcePaper" count="100"/>
			<ingredient name="resourceKnowledge" count="2"/>
		</recipe>

		<recipe name="plantedCorn1Schematic" count="1">
			<ingredient name="resourcePaper" count="100"/>
			<ingredient name="resourceKnowledge" count="2"/>
		</recipe>

		<recipe name="plantedCotton1Schematic" count="1">
			<ingredient name="resourcePaper" count="100"/>
			<ingredient name="resourceKnowledge" count="2"/>
		</recipe>

		<recipe name="plantedGoldenrod1Schematic" count="1">
			<ingredient name="resourcePaper" count="100"/>
			<ingredient name="resourceKnowledge" count="2"/>
		</recipe>

		<recipe name="plantedGraceCorn1Schematic" count="1">
			<ingredient name="resourcePaper" count="100"/>
			<ingredient name="resourceKnowledge" count="2"/>
		</recipe>

		<recipe name="plantedHop1Schematic" count="1">
			<ingredient name="resourcePaper" count="100"/>
			<ingredient name="resourceKnowledge" count="2"/>
		</recipe>

		<recipe name="plantedMushroom1Schematic" count="1">
			<ingredient name="resourcePaper" count="100"/>
			<ingredient name="resourceKnowledge" count="2"/>
		</recipe>

		<recipe name="plantedPotato1Schematic" count="1">
			<ingredient name="resourcePaper" count="100"/>
			<ingredient name="resourceKnowledge" count="2"/>
		</recipe>

		<recipe name="plantedYucca1Schematic" count="1">
			<ingredient name="resourcePaper" count="100"/>
			<ingredient name="resourceKnowledge" count="2"/>
		</recipe>

		<recipe name="plantedPumpkin1Schematic" count="1">
			<ingredient name="resourcePaper" count="100"/>
			<ingredient name="resourceKnowledge" count="2"/>
		</recipe>
	</append>
</SchematicCrafting>