<goldfantast>
	<!--GROUP-->
	<set xpath="//decoration[@name='deco_iron_vein' and @prob='.00657']/@prob">.00328</set>
	<set xpath="//decoration[@name='deco_coal_vein' and @prob='.00657']/@prob">.00328</set>
	<set xpath="//decoration[@name='deco_nitrate_vein' and @prob='.00657']/@prob">.00328</set>
	<set xpath="//decoration[@name='deco_lead_vein' and @prob='.00657']/@prob">.00328</set>
	<set xpath="//decoration[@name='deco_shale_vein' and @prob='.00657']/@prob">.00328</set>	
	<!--GROUP-->
	<set xpath="//decoration[@blockname='rockResource' and @prob='.00033']/@prob">.00014</set>
	<set xpath="//decoration[@blockname='rockResource' and @prob='.0002']/@prob">.00008</set>
	<set xpath="//decoration[@blockname='rockResource02' and @prob='.00033']/@prob">.00014</set>
	<set xpath="//decoration[@blockname='rockResource02' and @prob='.0002']/@prob">.00008</set>
	<set xpath="//decoration[@name='rock_form01' and @prob='.0005']/@prob">.00021</set>	
	<set xpath="//decoration[@name='rock_form01' and @prob='.001']/@prob">.00044</set>
	<set xpath="//decoration[@name='rock_form02' and @prob='.0005']/@prob">.00021</set>	
	<set xpath="//decoration[@name='rock_form02' and @prob='.001']/@prob">.00044</set>
	<set xpath="//decoration[@blockname='rock01' and @prob='.001']/@prob">.00044</set>
	<set xpath="//decoration[@blockname='rock01' and @prob='.005']/@prob">.0022</set>
	<set xpath="//decoration[@blockname='rock01' and @prob='.01']/@prob">.0044</set>
	<set xpath="//decoration[@blockname='rock01' and @prob='.004']/@prob">.0017</set>
	<set xpath="//decoration[@blockname='rock02' and @prob='.001']/@prob">.00044</set>
	<set xpath="//decoration[@blockname='rock02' and @prob='.005']/@prob">.0022</set>
	<set xpath="//decoration[@blockname='rock02' and @prob='.01']/@prob">.0044</set>
	<set xpath="//decoration[@blockname='rock02' and @prob='.004']/@prob">.0017</set>
	<set xpath="//decoration[@blockname='rock04' and @prob='.001']/@prob">.00044</set>
	<set xpath="//decoration[@blockname='rock04' and @prob='.005']/@prob">.0022</set>
	<set xpath="//decoration[@blockname='rock04' and @prob='.01']/@prob">.0044</set>
	<set xpath="//decoration[@blockname='rock04' and @prob='.004']/@prob">.0017</set>
	<set xpath="//decoration[@blockname='rock05' and @prob='.005']/@prob">.0022</set>
	<set xpath="//decoration[@blockname='rock05' and @prob='.001']/@prob">.00044</set>
	<set xpath="//decoration[@blockname='rock06' and @prob='.005']/@prob">.0022</set>
	<set xpath="//decoration[@blockname='rock06' and @prob='.001']/@prob">.00044</set>
	<set xpath="//decoration[@blockname='rock07' and @prob='.005']/@prob">.0022</set>
	<set xpath="//decoration[@blockname='rock07' and @prob='.001']/@prob">.00044</set>
	<!--GROUP-->
	<set xpath="//decoration[@blockname='cntBirdnest' and @prob='0.001']/@prob">0.0007</set>
	<set xpath="//decoration[@blockname='cntBirdnest' and @prob='0.0005']/@prob">0.0003</set>
	<set xpath="//decoration[@blockname='cntForestRandomLootHelper' and @prob='0.00025']/@prob">0.00015</set>
	<set xpath="//decoration[@blockname='cntForestRandomLootHelper' and @prob='0.001']/@prob">0.0007</set>
	<set xpath="//decoration[@blockname='cntDesertRandomLootHelper' and @prob='0.00025']/@prob">0.00015</set>
	<set xpath="//decoration[@blockname='cntDesertRandomLootHelper' and @prob='0.01']/@prob">0.007</set>
	<set xpath="//decoration[@blockname='cntWastelandRandomLootHelper' and @prob='0.00025']/@prob">0.00015</set>
	<!--GROUP-->
	<set xpath="//decoration[@blockname='treeWinterEverGreen' and @prob='0.003']/@prob">0.0012</set>
	<set xpath="//decoration[@blockname='treeWinterPine13m' and @prob='0.003']/@prob">0.0012</set>
	<set xpath="//decoration[@blockname='treeWinterPine19m' and @prob='0.003']/@prob">0.0012</set>
	<set xpath="//decoration[@blockname='treeWinterPine28m' and @prob='0.003']/@prob">0.0012</set>\
	<set xpath="//decoration[@blockname='treeDeadPineLeaf' and @prob='0.01']/@prob">0.0044</set>
	<set xpath="//decoration[@blockname='treeDeadPineLeaf' and @prob='0.001']/@prob">0.00044</set>
	<set xpath="//decoration[@blockname='treeDeadPineLeaf' and @prob='0.02']/@prob">0.0088</set>
	<set xpath="//decoration[@blockname='treeDeadPineLeaf' and @prob='0.05']/@prob">0.022</set>
	<set xpath="//decoration[@blockname='treeJuniper4m' and @prob='0.001']/@prob">0.00044</set>
	<set xpath="//decoration[@blockname='treeMountainPine12m' and @prob='0.001']/@prob">0.00044</set>
	<set xpath="//decoration[@blockname='treeMountainPine12m' and @prob='0.0015']/@prob">0.00065</set>
	<set xpath="//decoration[@blockname='treeMountainPineDry21m' and @prob='0.002']/@prob">0.0008</set>
	<set xpath="//decoration[@blockname='treeMountainPine27m' and @prob='0.002']/@prob">0.0008</set>
	<set xpath="//decoration[@blockname='treeMountainPine27m' and @prob='0.001']/@prob">0.00044</set>
	<set xpath="//decoration[@blockname='treeMountainPine31m' and @prob='0.002']/@prob">0.0008</set>
	<set xpath="//decoration[@blockname='treeMountainPine41m' and @prob='0.004']/@prob">0.0017</set>
	<set xpath="//decoration[@blockname='treeMountainPine48m' and @prob='0.0005']/@prob">0.00022</set>
	<set xpath="//decoration[@blockname='treeOakLrg01' and @prob='0.001']/@prob">0.00044</set>
	<set xpath="//decoration[@blockname='treeOakMed01' and @prob='0.001']/@prob">0.00044</set>
	<set xpath="//decoration[@blockname='treeOakMed02' and @prob='0.001']/@prob">0.00044</set>
	<set xpath="//decoration[@blockname='treeOakSml01' and @prob='0.001']/@prob">0.00044</set>
	<set xpath="//decoration[@blockname='treeFirLrg01' and @prob='0.0005']/@prob">0.00022</set>
	<set xpath="//decoration[@blockname='treeFirLrg01' and @prob='0.0003']/@prob">0.00012</set>
	<set xpath="//decoration[@blockname='treeSnowyDeadBush' and @prob='0.003']/@prob">0.0012</set>
	<set xpath="//decoration[@blockname='treeSnowyDeadBush' and @prob='0.005']/@prob">0.0022</set>
	<set xpath="//decoration[@blockname='treeStump' and @prob='.0002']/@prob">.0003</set>
	<set xpath="//decoration[@blockname='treeStump' and @prob='.0004']/@prob">.0006</set>
	<set xpath="//decoration[@blockname='treeCactus01' and @prob='0.003']/@prob">0.0012</set>
	<set xpath="//decoration[@blockname='treeCactus01' and @prob='0.004']/@prob">0.0018</set>
	<set xpath="//decoration[@blockname='treeCactus02' and @prob='0.03']/@prob">0.013</set>
	<set xpath="//decoration[@blockname='treeCactus02' and @prob='0.004']/@prob">0.0018</set>
	<set xpath="//decoration[@blockname='treeCactus03' and @prob='0.01']/@prob">0.0044</set>
	<set xpath="//decoration[@blockname='treeCactus03' and @prob='0.004']/@prob">0.0018</set>
	<set xpath="//decoration[@blockname='treeCactus04' and @prob='0.01']/@prob">0.0044</set>
	<set xpath="//decoration[@blockname='treeCactus04' and @prob='0.004']/@prob">0.0018</set>
	<set xpath="//decoration[@blockname='treeCactus05' and @prob='0.01']/@prob">0.0044</set>
	<set xpath="//decoration[@blockname='treeCactus05' and @prob='0.004']/@prob">0.0018</set>
	<set xpath="//decoration[@blockname='treeCactus06' and @prob='0.01']/@prob">0.0044</set>
	<set xpath="//decoration[@blockname='treeCactus06' and @prob='0.0009']/@prob">0.0004</set>
	<set xpath="//decoration[@blockname='treePineBurntLrg' and @prob='0.03']/@prob">0.01</set>
	<set xpath="//decoration[@blockname='treePineBurntLrg' and @prob='0.0006']/@prob">0.0002</set>
	<set xpath="//decoration[@blockname='treePineBurntMed' and @prob='0.03']/@prob">0.01</set>
	<set xpath="//decoration[@blockname='treePineBurntFullMed' and @prob='0.03']/@prob">0.01</set>
	<set xpath="//decoration[@blockname='treeBurntMaple01' and @prob='0.0012']/@prob">0.0004</set>
	<set xpath="//decoration[@blockname='treeBurntMaple02' and @prob='0.0012']/@prob">0.0004</set>
	<set xpath="//decoration[@blockname='treeBurntMaple03' and @prob='0.0012']/@prob">0.0004</set>
	<set xpath="//decoration[@blockname='treeDeadTree02' and @prob='0.002']/@prob">0.00066</set>
	<!--GROUP-->
	<set xpath="//decoration[@blockname='treeShortGrass' and @prob='.5']/@prob">.06</set>
	<set xpath="//decoration[@blockname='treeShortGrass' and @prob='.6']/@prob">.08</set>	
	<set xpath="//decoration[@blockname='treeShortGrass' and @prob='.8']/@prob">.1</set>
	<set xpath="//decoration[@blockname='treeShortGrass' and @prob='.95']/@prob">.1</set>
	<set xpath="//decoration[@blockname='treeShortGrass' and @prob='.85']/@prob">.1</set>
	<set xpath="//decoration[@blockname='treeSnowyGrassDiagonal' and @prob='.1']/@prob">.012</set>
	<set xpath="//decoration[@blockname='treeSnowyGrassDiagonal' and @prob='.4']/@prob">.05</set>
	<set xpath="//decoration[@blockname='treeTallGrassDiagonal' and @prob='.05']/@prob">0.006</set>
	<set xpath="//decoration[@blockname='treeTallGrassDiagonal' and @prob='.1']/@prob">.012</set>
	<set xpath="//decoration[@blockname='treeTallGrassDiagonal' and @prob='.4']/@prob">.05</set>
	<set xpath="//decoration[@blockname='treeTallGrassDiagonal' and @prob='.5']/@prob">.06</set>
	<set xpath="//decoration[@blockname='treeTallGrassDiagonal' and @prob='.28']/@prob">.03</set>
	<set xpath="//decoration[@blockname='treeTallGrassDiagonal' and @prob='.35']/@prob">.04</set>
	<!--GROUP-->
	<set xpath="//decoration[@blockname='plantedGoldenrod3Harvest' and @prob='0.008']/@prob">0.006</set>
	<set xpath="//decoration[@blockname='plantedCotton3Harvest' and @prob='0.07']/@prob">0.023</set>
	<set xpath="//decoration[@blockname='plantedCotton3Harvest' and @prob='0.001']/@prob">0.00044</set>
	<set xpath="//decoration[@blockname='plantedChrysanthemum3Harvest' and @prob='0.07']/@prob">0.035</set>
	<set xpath="//decoration[@blockname='plantedChrysanthemum3Harvest' and @prob='0.001']/@prob">0.0005</set>
	<set xpath="//decoration[@blockname='plantedBlueberry3Harvest' and @prob='.001']/@prob">.002</set>
	<set xpath="//decoration[@blockname='plantedYucca3Harvest' and @prob='0.002']/@prob">0.0008</set>
	<set xpath="//decoration[@blockname='plantedYucca3Harvest' and @prob='0.03']/@prob">0.012</set>
	<set xpath="//decoration[@blockname='plantedAloe3Harvest' and @prob='0.003']/@prob">0.0012</set>	
	<set xpath="//decoration[@blockname='plantedAloe3Harvest' and @prob='.03']/@prob">0.012</set>	
	<!--GROUP-->
	<set xpath="//decoration[@blockname='driftwood' and @prob='0.001']/@prob">0.00044</set>
	<set xpath="//decoration[@blockname='driftwood' and @prob='0.002']/@prob">0.0008</set>
	<set xpath="//decoration[@blockname='driftwood2' and @prob='0.001']/@prob">0.00044</set>
	<set xpath="//decoration[@blockname='driftwood2' and @prob='0.002']/@prob">0.0008</set>
	<set xpath="//decoration[@blockname='decoCowSkull' and @prob='0.00025']/@prob">0.00011</set>
	<set xpath="//decoration[@blockname='brickShapes:brickDestroyed01' and @prob='.0004']/@prob">.00013</set>
	<set xpath="//decoration[@blockname='brickShapes:brickDestroyed02' and @prob='.0004']/@prob">.00013</set>
	<set xpath="//decoration[@blockname='brickShapes:brickDestroyed03' and @prob='.0004']/@prob">.00013</set>
	<set xpath="//decoration[@blockname='cinderBlocks01' and @prob='.006']/@prob">.002</set>
	<set xpath="//decoration[@blockname='cinderBlocks02' and @prob='.006']/@prob">.002</set>
	<set xpath="//decoration[@blockname='cinderBlocks03' and @prob='.006']/@prob">.002</set>
	<!--GROUP-->
	<set xpath="//decoration[@blockname='mineCandyTin' and @prob='0.00015']/@prob">0.00045</set>
	<set xpath="//decoration[@blockname='mineHubcap' and @prob='0.0001']/@prob">0.0003</set>
	<set xpath="//decoration[@blockname='hubcapNoMine' and @prob='0.0011']/@prob">0.00011</set>
	<!--GROUP-->
	<set xpath="//decoration[@blockname='rubblePileBricks' and @prob='.0004']/@prob">.00013</set>
	<set xpath="//decoration[@blockname='rubblePileBricksLong' and @prob='.0004']/@prob">.00013</set>
	<set xpath="//decoration[@blockname='rubblePileBricksSmall' and @prob='.0004']/@prob">.00013</set>
	<set xpath="//decoration[@blockname='rubblePileCement' and @prob='.0004']/@prob">.00013</set>
	<set xpath="//decoration[@blockname='scrapMetalPile' and @prob='.015']/@prob">.005</set>
	<!--GROUP-->
	<set xpath="//decoration[@name='deco_remnant_stone_01' and @prob='.003']/@prob">.001</set>
	<set xpath="//decoration[@name='deco_remnant_stone_02' and @prob='.003']/@prob">.001</set>
	<set xpath="//decoration[@name='deco_remnant_stone_03' and @prob='.003']/@prob">.001</set>
	<set xpath="//decoration[@name='deco_remnant_stone_04' and @prob='.002']/@prob">.00066</set>
	<set xpath="//decoration[@name='deco_remnant_stone_05' and @prob='.002']/@prob">.00066</set>
	<set xpath="//decoration[@name='deco_rubble_stone_01' and @prob='.0065']/@prob">.0022</set>
	<set xpath="//decoration[@name='deco_rubble_stone_02' and @prob='.0065']/@prob">.0022</set>
	<set xpath="//decoration[@name='deco_rubble_stone_03' and @prob='.005']/@prob">.0016</set>
	<set xpath="//decoration[@name='deco_rubble_stone_04' and @prob='.003']/@prob">.001</set>
	<set xpath="//decoration[@name='deco_rubble_stone_05' and @prob='.003']/@prob">.001</set>
	<set xpath="//decoration[@name='deco_rubble_stone_06' and @prob='.0065']/@prob">.0022</set>
	<set xpath="//decoration[@name='deco_rubble_stone_07' and @prob='.0065']/@prob">.0022</set>
	<set xpath="//decoration[@name='deco_rubble_stone_08' and @prob='.0065']/@prob">.0022</set>
	<set xpath="//decoration[@name='deco_rubble_stone_09' and @prob='.003']/@prob">.001</set>
	<set xpath="//decoration[@name='deco_rubble_stone_10' and @prob='.003']/@prob">.001</set>
</goldfantast>